Date,Venue,League,Barcelona_Goals,Real_Madrid_Goals,Winner,Barcelona_Scorers,Real_Madrid_Scorers,Real_Madrid_Own_Goals,Barcelona_Own_Goals
13-05-1902,Hipodromo,Copa de la Coronacion,3,1,Barcelona,"Steinberg, Steinberg, Gamper",Johnson,,
26-03-1916,Camp del Carrer Muntaner,Copa Del Rey,2,1,Barcelona,"Alcantara, Vicente Martinez",Petit,,
02-04-1916,Campo de O'Donnell,Copa Del Rey,1,4,Real Madrid,Vicent Martinez,"Bernabeu, Bernabeu, Bernabeu, Petit",,
13-04-1916,Campo de O'Donnell,Copa Del Rey,6,6,Draw,"Alcantara, Alcantara, Alcantara, Mallorqui, Bau, Vicente Martinez","Belaunde, Belaunde, Belaunde, Bernabeu, Bernabeu, Bernabeu",,
15-04-1916,Campo de O'Donnell,Copa Del Rey,2,4,Real Madrid,"Vicente Martinez, Vicente Martinez","Bernabeu, Zabalo, Aranguren, Aranguren",,
18-04-1926,Santiago Bernabeu Stadium,Copa Del Rey,5,1,Barcelona,"Samitier, Samitier, Samitier, Samitier, Piera",Monjardin,,
26-04-1926,Camp Nou,Copa Del Rey,3,0,Barcelona,"Piera, Samitier, Samitier",,,
17-02-1929,Camp Nou,La Liga,1,2,Real Madrid,Parera,"Rafael Morera, Rafael Morera",,
09-05-1929,Santiago Bernabeu Stadium,La Liga,1,0,Barcelona,Sastre,,,
26-01-1930,Camp Nou,La Liga,1,4,Real Madrid,Bestit,"Rubio, Rubio, Lopez, Lazcano",,
30-03-1930,Santiago Bernabeu Stadium,La Liga,1,5,Real Madrid,Goiburu,"Rubio, Rubio, Lazcano, Lazcano, Lazcano",,
01-02-1931,Santiago Bernabeu Stadium,La Liga,0,0,Draw,,,,
05-04-1931,Camp Nou,La Liga,3,1,Barcelona,"Ramon, Ramon, Ramon",Eugenio,,
31-01-1932,Santiago Bernabeu Stadium,La Liga,0,2,Real Madrid,,"Olivares, Olivares",,
03-04-1932,Camp Nou,La Liga,2,2,Draw,"Samitier, Arocha","Lazcano, Regueiro",,
01-01-1933,Camp Nou,La Liga,1,1,Draw,Arocha,Regueiro,,
05-03-1933,Santiago Bernabeu Stadium,La Liga,1,2,Real Madrid,Goiburu,"Samitier, Samitier",,
26-11-1933,Camp Nou,La Liga,1,2,Real Madrid,Alejandro Morera,"Olivares, Regueiro",,
28-01-1934,Santiago Bernabeu Stadium,La Liga,0,4,Real Madrid,,"Valle, Samitier, Regueiro, Eugenio",,
03-02-1935,Santiago Bernabeu Stadium,La Liga,2,8,Real Madrid,"Escola, Guzman","Lazcano, Lazcano, Lazcano, Sanudo, Sanudo, Sanudo, Sanudo, Regueiro",,
21-04-1935,Camp Nou,La Liga,5,0,Barcelona,"Ventolra, Ventolra, Ventolra, Ventolra, Escola",,,
22-12-1935,Camp Nou,La Liga,0,3,Real Madrid,,"Regueiro, Diz, Lecue",,
22-03-1936,Santiago Bernabeu Stadium,La Liga,0,3,Real Madrid,,"Lecue, Lecue, Emilin",,
21-06-1936,Mestalla Stadium,Copa Del Rey,1,2,Real Madrid,Escola,"Eugenio, Lecue",,
28-01-1940,Santiago Bernabeu Stadium,La Liga,1,2,Real Madrid,Pascual,"Chus Alonso, Lecue",,
14-04-1940,Camp Nou,La Liga,0,0,Draw,,,,
01-12-1940,Camp Nou,La Liga,3,0,Barcelona,"Sospedra, Sospedra, Mas",,,
23-02-1941,Santiago Bernabeu Stadium,La Liga,2,1,Barcelona,"Bravo, Martin",Barinaga,,
19-10-1941,Santiago Bernabeu Stadium,La Liga,3,4,Real Madrid,"Calvet, Raich, Gracia","Arbiza, Arbiza, Belmar",,Benito
25-01-1942,Camp Nou,La Liga,0,2,Real Madrid,,"Alday, Alday",,
27-09-1942,Santiago Bernabeu Stadium,La Liga,0,3,Real Madrid,,"Arbiza, Arbiza, Alsua",,
10-01-1943,Camp Nou,La Liga,5,5,Draw,"Martin, Martin, Escola, Mas, Mas","Chus Alonso, Alday, Alday, Botella, Mardones II",,
06-06-1943,Camp de Les Corts,Copa Del Rey,3,0,Barcelona,"Valle Mas, Escola, Sospedra",,,
13-06-1943,Santiago Bernabeu Stadium,Copa Del Rey,1,11,Real Madrid,Martin,"Pruden, Pruden, Pruden, Barinaga, Barinaga, Barinaga, Barinaga, Chus Alonso, Chus Alonso, Alsua, Botella",,
02-01-1944,Santiago Bernabeu Stadium,La Liga,1,0,Barcelona,Mas,,,
09-04-1944,Camp Nou,La Liga,1,2,Real Madrid,Escola,Alsua,,Rosalench
12-11-1944,Santiago Bernabeu Stadium,La Liga,0,1,Real Madrid,,Moleiro,,
25-03-1945,Camp Nou,La Liga,5,0,Barcelona,"Cesar, Cesar, Bravo, Escola, Mariano Gonzalvo",,,
25-11-1945,Santiago Bernabeu Stadium,La Liga,2,3,Real Madrid,"Martin, Mariano Gonzalvo","Barinaga, Pruden, Belmar",,
03-03-1946,Camp Nou,La Liga,1,0,Barcelona,Cesar,,,
01-12-1946,Santiago Bernabeu Stadium,La Liga,1,2,Real Madrid,Seguer,"Corona, Molowny",,
30-03-1947,Camp Nou,La Liga,3,2,Barcelona,"Bravo, Navarro, Navarro","Arsuaga, Arsuaga",,
12-10-1947,Santiago Bernabeu Stadium,La Liga,1,1,Draw,,Barinaga,Clemente,
25-01-1948,Camp Nou,La Liga,4,2,Barcelona,"Seguer, Basora, Basora, Cesar","Gallardo, Yunta",,
19-09-1948,Santiago Bernabeu Stadium,La Liga,2,1,Barcelona,"Florencio, Basora",Barinaga,,
09-01-1949,Camp Nou,La Liga,3,1,Barcelona,"Cesar, Cesar, Basora",Pahino,,
18-09-1949,Santiago Bernabeu Stadium,La Liga,1,6,Real Madrid,Jose Gonzalvo,"Pahino, Pahino, Pahino, Cabrera, Macala, Macala",,
15-01-1950,Camp Nou,La Liga,2,3,Real Madrid,"Basora, Cesar","Pahino, Verdu, Cabrera",,
24-09-1950,Camp Nou,La Liga,7,2,Barcelona,"Nicolau, Nicolau, Cesar, Aurelio, Aurelio, Mariano Gonzalvo, Basora","Molowny, Gonzalez",,
14-01-1951,Santiago Bernabeu Stadium,La Liga,1,4,Real Madrid,Canal,"Narro, Narro, Narro, Pahino",,
11-11-1951,Santiago Bernabeu Stadium,La Liga,1,5,Real Madrid,Basora,"Molowny, Cabrera, Pahino, Pahino, Olsen",,
02-03-1952,Camp Nou,La Liga,4,2,Barcelona,"Soler, Cesar, Cesar, Cesar","Olsen, Arsuaga",,
23-11-1952,Santiago Bernabeu Stadium,La Liga,1,2,Real Madrid,Manchon,"Arsuaga, Arsuaga",,
05-04-1953,Camp Nou,La Liga,1,0,Barcelona,Moreno,,,
25-10-1953,Santiago Bernabeu Stadium,La Liga,0,5,Real Madrid,,"Stefano, Stefano, Olsen, Olsen, Molowny",,
21-02-1954,Camp Nou,La Liga,5,1,Barcelona,"Tejada, Tejada, Cesar, Moreno, Manchon",Stefano,,
06-06-1954,Santiago Bernabeu Stadium,Copa Del Rey,0,1,Real Madrid,,Mateos,,
13-06-1954,Camp Nou,Copa Del Rey,3,1,Barcelona,"Cesar, Cesar, Biosca",Paya,,
21-11-1954,Santiago Bernabeu Stadium,La Liga,0,3,Real Madrid,,"Stefano, Rial, Joseito",,
06-03-1955,Camp Nou,La Liga,2,2,Draw,"Basora, Moll","Gento, Gento",,
13-11-1955,Santiago Bernabeu Stadium,La Liga,1,2,Real Madrid,Areta,"Rial, Marquitos",,
18-03-1956,Camp Nou,La Liga,2,0,Barcelona,"Villaverde, Villaverde",,,
11-11-1956,Camp Nou,La Liga,1,0,Barcelona,Suarez,,,
03-03-1957,Santiago Bernabeu Stadium,La Liga,0,1,Real Madrid,,Joseito,,
12-05-1957,Santiago Bernabeu Stadium,Copa Del Rey,2,2,Draw,"Kubala, Basora","Di Stefano, Di Stefano",,
19-05-1957,Camp Nou,Copa Del Rey,6,1,Barcelona,"Eulogio Martinez, Eulogio Martinez, Eulogio Martinez, Eulogio Martinez, Kubala, Villaverde",,,Olivella
13-10-1957,Santiago Bernabeu Stadium,La Liga,0,3,Real Madrid,,"Kopa, Rial, Stefano",,
02-02-1958,Camp Nou,La Liga,0,2,Real Madrid,,"Marsal, Rial",,
26-10-1958,Camp Nou,La Liga,4,0,Barcelona,"Evaristo, Evaristo, Evaristo, Tejada",,,
15-02-1959,Santiago Bernabeu Stadium,La Liga,0,1,Real Madrid,,Herrera,,
07-06-1959,Santiago Bernabeu Stadium,Copa Del Rey,4,2,Barcelona,"Kocsis, Kocsis, Suarez, Suarez","Puskas, Mateos",,
14-06-1959,Camp Nou,Copa Del Rey,3,1,Barcelona,"Villaverde, Suarez, Suarez",Gento,,
29-11-1959,Santiago Bernabeu Stadium,La Liga,0,2,Real Madrid,,"Mateos, Stefano",,
20-03-1960,Camp Nou,La Liga,3,1,Barcelona,"Kocsis, Martinez, Villaverde",Stefano,,
21-04-1960,Santiago Bernabeu Stadium,UEFA Championship,1,3,Real Madrid,Eulogio Martinez,"Stefano, Stefano, Puskas",,
27-04-1960,Camp Nou,UEFA Championship,1,3,Real Madrid,Kocsis,"Puskas, Puskas, Gento",,
09-11-1960,Santiago Bernabeu Stadium,UEFA Championship,2,2,Draw,"Suarez, Suarez","Mateos, Gento",,
23-11-1960,Camp Nou,UEFA Championship,2,1,Barcelona,"Verges, Evaristo",Canario,,
04-12-1960,Camp Nou,La Liga,3,5,Real Madrid,"Eulogio Martinez, Villaverde, Kubala","Stefano, Stefano, Sol, Gento, Gento",,
26-03-1961,Santiago Bernabeu Stadium,La Liga,2,3,Real Madrid,"Suarez, Kubala","Sol, Stefano, Puskas",,
30-09-1961,Santiago Bernabeu Stadium,La Liga,0,2,Real Madrid,,"Puskas, Sol",,
21-01-1962,Camp Nou,La Liga,3,1,Barcelona,"Evaristo, Evaristo, Kocsis",Ruiz,,
15-04-1962,Santiago Bernabeu Stadium,Copa Del Rey,1,0,Barcelona,Eulogio Martinez,,,
22-04-1962,Camp Nou,Copa Del Rey,1,3,Real Madrid,Pereda,"del Sol, Puskas, Gento",,
30-09-1962,Santiago Bernabeu Stadium,La Liga,0,2,Real Madrid,,"Stefano, Stefano",,
27-01-1963,Camp Nou,La Liga,1,5,Real Madrid,Re,"Puskas, Puskas, Puskas, Stefano, Gento",,
15-12-1963,Santiago Bernabeu Stadium,La Liga,0,4,Real Madrid,,"Puskas, Puskas, Puskas, Stefano",,
30-03-1964,Camp Nou,La Liga,1,2,Real Madrid,Zaldua,"Gento, Puskas",,
08-11-1964,Santiago Bernabeu Stadium,La Liga,1,4,Real Madrid,Re,"Amancio, Amancio, Amancio, Serena",,
28-02-1965,Camp Nou,La Liga,1,2,Real Madrid,Re,"Pirri, Serena",,
19-12-1965,Santiago Bernabeu Stadium,La Liga,3,1,Barcelona,"Fuste, Fuste, Zaldua",Ruiz,,
27-03-1966,Camp Nou,La Liga,2,1,Barcelona,"Rife, Zaballa",Gento,,
20-11-1966,Santiago Bernabeu Stadium,La Liga,0,1,Real Madrid,,Veloso,,
19-03-1967,Camp Nou,La Liga,2,1,Barcelona,"Fuste, Fuste",Amancio,,
10-12-1967,Santiago Bernabeu Stadium,La Liga,1,1,Draw,Zaldua,Gento,,
09-04-1968,Camp Nou,La Liga,1,1,Draw,Zaldua,Pirri,,
11-07-1968,Santiago Bernabeu Stadium,Copa Del Rey,1,0,Barcelona,,,Zunzunegui,
16-11-1968,Santiago Bernabeu Stadium,La Liga,1,2,Real Madrid,Zaldua,"Pirri, Luis",,
09-03-1969,Camp Nou,La Liga,1,1,Draw,Zaldua,Gento,,
14-09-1969,Santiago Bernabeu Stadium,La Liga,3,3,Draw,"Bustillo, Bustillo, Rexach","Fleitas, Fleitas, Gento",,
28-12-1969,Camp Nou,La Liga,1,0,Barcelona,Gallego,,,
30-05-1970,Santiago Bernabeu Stadium,Copa Del Rey,0,2,Real Madrid,,"Grosso, Amancio",,
06-06-1970,Camp Nou,Copa Del Rey,1,1,Draw,Rexach,Amancio,,
25-10-1970,Santiago Bernabeu Stadium,La Liga,1,0,Barcelona,Zabalza,,,
14-02-1971,Camp Nou,La Liga,0,1,Real Madrid,,Grande,,
27-11-1971,Santiago Bernabeu Stadium,La Liga,1,1,Draw,Asensi,Grosso,,
03-04-1972,Camp Nou,La Liga,1,0,Barcelona,Asensi,,,
01-10-1972,Camp Nou,La Liga,1,0,Barcelona,Barrios,,,
24-02-1973,Santiago Bernabeu Stadium,La Liga,0,0,Draw,,,,
07-10-1973,Camp Nou,La Liga,0,0,Draw,,,,
16-02-1974,Santiago Bernabeu Stadium,La Liga,5,0,Barcelona,"Asensi, Asensi, Cruyff, Carlos, Sotil",,,
29-06-1974,Vicente Calderon Stadium,Copa Del Rey,0,4,Real Madrid,,"Santillana, Rubinan, Aguilar, Pirri",,
04-01-1975,Santiago Bernabeu Stadium,La Liga,0,1,Real Madrid,,Roberto Martinez,,
11-05-1975,Camp Nou,La Liga,0,0,Draw,,,,
27-12-1975,Camp Nou,La Liga,2,1,Barcelona,"Neeskens, Rexach",Pirri,,
30-04-1976,Santiago Bernabeu Stadium,La Liga,2,0,Barcelona,"Rexach, Heredia",,,
19-09-1976,Camp Nou,La Liga,3,1,Barcelona,"Marcial, Cruyff, Heredia",Pirri,,
30-01-1977,Santiago Bernabeu Stadium,La Liga,1,1,Draw,Cruyff,Pirri,,
04-12-1977,Camp Nou,La Liga,2,3,Real Madrid,"Rexach, Rexach","Jensen, Santillana, Stielike",,
05-04-1978,Santiago Bernabeu Stadium,La Liga,0,4,Real Madrid,,"Jensen, Jensen, Juanito, Santillana",,
23-09-1978,Santiago Bernabeu Stadium,La Liga,1,3,Real Madrid,Neeskens,"Santillana, Santillana, Jensen",,
17-02-1979,Camp Nou,La Liga,2,0,Barcelona,"Krankl, Asensi",,,
23-09-1979,Santiago Bernabeu Stadium,La Liga,2,3,Real Madrid,"Landaburu, Krankl","Santillana, Juanito, Cunningham",,
10-02-1980,Camp Nou,La Liga,0,2,Real Madrid,,"Hernandez, Santillana",,
30-11-1980,Camp Nou,La Liga,2,1,Barcelona,"Schuster, Quini",Juanito,,
29-03-1981,Santiago Bernabeu Stadium,La Liga,0,3,Real Madrid,,"Juanito, Santillana, Stielike",,
20-12-1981,Camp Nou,La Liga,3,1,Barcelona,"Alexanko, Quini, Quini",Juanito,,
18-04-1982,Santiago Bernabeu Stadium,La Liga,1,3,Real Madrid,Quini,"Cortes, Stielike, Isidro",,
27-11-1982,Santiago Bernabeu Stadium,La Liga,2,0,Barcelona,"Vigo, Quini",,,
26-03-1983,Camp Nou,La Liga,2,1,Barcelona,"Maradona, Periko Alonso",Juanito,,
04-06-1983,La Romareda Stadium,Copa Del Rey,2,1,Barcelona,"Victor, Marcos",Santillana,,
26-06-1983,Santiago Bernabeu Stadium,Copa De La Liga,2,2,Draw,"Carrasco, Maradona","Bosque, Juan Gomez",,
29-06-1983,Camp Nou,Copa De La Liga,2,1,Barcelona,"Alexanko, Maradona",Santillana,,
22-10-1983,Camp Nou,La Liga,1,2,Real Madrid,Quini,"Juanito, Santillana",,
25-02-1984,Santiago Bernabeu Stadium,La Liga,1,2,Real Madrid,Maradona,"Juanito, Santillana",,
02-09-1984,Santiago Bernabeu Stadium,La Liga,3,0,Barcelona,"Archibald, Caldere",,Angel,
30-12-1984,Camp Nou,La Liga,3,2,Barcelona,"Gerardo, Migueli, Vigo","Sanchis, Butragueno",,
11-05-1985,Camp Nou,Copa De La Liga,2,2,Draw,"Clos, Marcos","Valdano, Juanito",,
18-05-1985,Santiago Bernabeu Stadium,Copa De La Liga,1,1,Draw,Moratalla,Valdano,,
09-11-1985,Camp Nou,La Liga,2,0,Barcelona,"Marcos, Caldere",,,
08-03-1986,Santiago Bernabeu Stadium,La Liga,1,3,Real Madrid,Amarilla,"Maceda, Valdano, Butragueno",,
11-05-1986,Camp Nou,Copa De La Liga,2,2,Draw,"Clos, Archibald","Pardeza, Cholo",,
18-05-1986,Santiago Bernabeu Stadium,Copa De La Liga,4,0,Barcelona,"Amarilla, Amarilla, Urbano, Esteban",,,
08-10-1986,Santiago Bernabeu Stadium,La Liga,1,1,Draw,Pedraza,Hugo Sanchez,,
31-01-1987,Camp Nou,La Liga,3,2,Barcelona,"Lineker, Lineker, Lineker","Valdano, Hugo Sanchez",,
12-04-1987,Santiago Bernabeu Stadium,La Liga,0,0,Draw,,,,
23-05-1987,Camp Nou,La Liga,2,1,Barcelona,"Lineker, Roberto",Hugo Sanchez,,
02-01-1988,Santiago Bernabeu Stadium,La Liga,1,2,Real Madrid,Schuster,"Hugo Sanchez, Hugo Sanchez",,
30-04-1988,Camp Nou,La Liga,2,0,Barcelona,"Carrasco, Lineker",,,
21-09-1988,Santiago Bernabeu Stadium,Supercopa,0,2,Real Madrid,,"Michel, Hugo Sanchez",,
29-09-1988,Camp Nou,Supercopa,2,1,Barcelona,"Bakero, Bakero",Butragueno,,
22-10-1988,Santiago Bernabeu Stadium,La Liga,2,3,Real Madrid,"Bakero, Carrasco","Hugo Sanchez, Aldana, Gordillo",,
01-04-1989,Camp Nou,La Liga,0,0,Draw,,,,
07-10-1989,Camp Nou,La Liga,3,1,Barcelona,"Salinas, Koeman, Koeman",Hugo Sanchez,,
15-02-1990,Santiago Bernabeu Stadium,La Liga,2,3,Real Madrid,"Salinas, Salinas","Michel, Butragueno, Hugo Sanchez",,
04-04-1990,Mestalla Stadium,Copa Del Rey,2,0,Barcelona,"Amor, Salinas",,,
05-12-1990,Camp Nou,Supercopa,0,1,Real Madrid,,Michel,,
12-12-1990,Santiago Bernabeu Stadium,Supercopa,1,4,Real Madrid,Goikoetxea,"Butragueno, Butragueno, Hugo Sanchez, Aragon",,
19-01-1991,Camp Nou,La Liga,2,1,Barcelona,Laudrup,Butragueno,Spasic,
08-06-1991,Santiago Bernabeu Stadium,La Liga,0,1,Real Madrid,,Aldana,,
19-10-1991,Santiago Bernabeu Stadium,La Liga,1,1,Draw,Koeman,Prosinecki,,
07-03-1992,Camp Nou,La Liga,1,1,Draw,Koeman,Hierro,,
05-09-1992,Camp Nou,La Liga,2,1,Barcelona,"Bakero, Stoichkov",Michel,,
29-01-1993,Santiago Bernabeu Stadium,La Liga,1,2,Real Madrid,Amor,"Zamorano, Michel",,
08-06-1993,Santiago Bernabeu Stadium,Copa Del Rey,1,1,Draw,Bakero,Zamorano,,
15-06-1993,Camp Nou,Copa Del Rey,1,2,Real Madrid,Laudrup,"Zamorano, Michel",,
02-12-1993,Santiago Bernabeu Stadium,Supercopa,1,3,Real Madrid,Stoichkov,"Alfonso, Alfonso, Zamorano",,
16-12-1993,Camp Nou,Supercopa,1,1,Draw,Bakero,Zamorano,,
08-01-1994,Camp Nou,La Liga,5,0,Barcelona,"Romario, Romario, Romario, Koeman, Iglesias",,,
06-05-1994,Santiago Bernabeu Stadium,La Liga,1,0,Barcelona,Amor,,,
06-01-1995,Santiago Bernabeu Stadium,La Liga,0,5,Real Madrid,,"Zamorano, Zamorano, Zamorano, Enrique, Amavisca",,
26-05-1995,Camp Nou,La Liga,1,0,Barcelona,Nadal,,,
30-09-1995,Santiago Bernabeu Stadium,La Liga,1,1,Draw,Roger,Raul,,
09-02-1996,Camp Nou,La Liga,3,0,Barcelona,"Kodro, Kodro, Figo",,,
07-12-1996,Santiago Bernabeu Stadium,La Liga,0,2,Real Madrid,,"Suker, Mijatovic",,
29-01-1997,Camp Nou,Copa Del Rey,3,2,Barcelona,"Ronaldo, Nadal, Giovanni","Suker, Hierro",,
05-02-1997,Santiago Bernabeu Stadium,Copa Del Rey,1,1,Draw,,Suker,Roberto,
10-05-1997,Camp Nou,La Liga,1,0,Barcelona,Ronaldo,,,
20-08-1997,Camp Nou,Supercopa,2,1,Barcelona,"Nadal, Giovanni",Raul,,
23-08-1997,Santiago Bernabeu Stadium,Supercopa,1,4,Real Madrid,Giovanni,"Raul, Raul, Mijatovic, Seedorf",,
01-11-1997,Santiago Bernabeu Stadium,La Liga,3,2,Barcelona,"Rivaldo, Enrique, Giovanni","Raul, Suker",,
07-03-1998,Camp Nou,La Liga,3,0,Barcelona,"Anderson, Figo, Giovanni",,,
19-09-1998,Santiago Bernabeu Stadium,La Liga,2,2,Draw,"Kluivert, Anderson","Raul, Raul",,
14-02-1999,Camp Nou,La Liga,3,0,Barcelona,"Enrique, Enrique, Rivaldo",,,
13-10-1999,Camp Nou,La Liga,2,2,Draw,"Rivaldo, Figo","Raul, Raul",,
26-02-2000,Santiago Bernabeu Stadium,La Liga,0,3,Real Madrid,,"Roberto Carlos, Anelka, Morientes",,
21-10-2000,Camp Nou,La Liga,2,0,Barcelona,"Enrique, Simao",,,
03-03-2001,Santiago Bernabeu Stadium,La Liga,2,2,Draw,"Rivaldo, Rivaldo","Raul, Raul",,
04-11-2001,Santiago Bernabeu Stadium,La Liga,0,2,Real Madrid,,"Morientes, Figo",,
16-03-2002,Camp Nou,La Liga,1,1,Draw,Xavi,Zidane,,
23-04-2002,Camp Nou,UEFA Championship,0,2,Real Madrid,,"Zidane, McManaman",,
01-05-2002,Santiago Bernabeu Stadium,UEFA Championship,1,1,Draw,,Raul,Helguera,
23-11-2002,Camp Nou,La Liga,0,0,Draw,,,,
19-04-2003,Santiago Bernabeu Stadium,La Liga,1,1,Draw,Enrique,Ronaldo Nazario,,
06-12-2003,Camp Nou,La Liga,1,2,Real Madrid,Kluivert,"Roberto Carlos, Ronaldo Nazario",,
25-04-2004,Santiago Bernabeu Stadium,La Liga,2,1,Barcelona,"Kluivert, Xavi",Solari,,
20-11-2004,Camp Nou,La Liga,3,0,Barcelona,"Eto'o, Bronckhorst, Ronaldinho",,,
10-04-2005,Santiago Bernabeu Stadium,La Liga,2,4,Real Madrid,"Eto'o, Ronaldinho","Zidane, Ronaldo Nazario, Raul, Owen",,
19-11-2005,Santiago Bernabeu Stadium,La Liga,3,0,Barcelona,"Eto'o, Ronaldinho, Ronaldinho",,,
01-04-2006,Camp Nou,La Liga,1,1,Draw,Ronaldinho,Ronaldo Nazario,,
22-10-2006,Santiago Bernabeu Stadium,La Liga,0,2,Real Madrid,,"Raul, Nistelrooy",,
10-03-2007,Camp Nou,La Liga,3,3,Draw,"Messi, Messi, Messi","Nistelrooy, Nistelrooy, Ramos",,
23-12-2007,Camp Nou,La Liga,0,1,Real Madrid,,Baptista,,
07-05-2008,Santiago Bernabeu Stadium,La Liga,1,4,Real Madrid,Henry,"Raul, Robben, Higuain, Nistelrooy",,
13-12-2008,Camp Nou,La Liga,2,0,Barcelona,"Eto'o, Messi",,,
02-05-2009,Santiago Bernabeu Stadium,La Liga,6,2,Barcelona,"Henry, Henry, Puyol, Messi, Messi, Pique","Higuain, Ramos",,
29-11-2009,Camp Nou,La Liga,1,0,Barcelona,Ibrahimovic,,,
10-04-2010,Santiago Bernabeu Stadium,La Liga,2,0,Barcelona,"Messi, Pedro",,,
29-11-2010,Camp Nou,La Liga,5,0,Barcelona,"Xavi, Pedro, Villa, Villa, Jeffren",,,
16-04-2011,Santiago Bernabeu Stadium,La Liga,1,1,Draw,Messi,C.Ronaldo,,
20-04-2011,Mestalla Stadium,Copa Del Rey,0,1,Real Madrid,,C.Ronaldo,,
27-04-2011,Santiago Bernabeu Stadium,UEFA Championship,2,0,Barcelona,"Messi, Messi",,,
03-05-2011,Camp Nou,UEFA Championship,1,1,Draw,Pedro,Marcelo,,
14-08-2011,Santiago Bernabeu Stadium,Supercopa,2,2,Draw,"Villa, Messi","Ozil, Xabi Alonso",,
17-08-2011,Camp Nou,Supercopa,3,2,Barcelona,"Iniesta, Messi, Messi","C.Ronaldo, Benzema",,
10-12-2011,Santiago Bernabeu Stadium,La Liga,3,1,Barcelona,"Alexis Sanchez, Xavi, Fabregas",Benzema,,
18-01-2012,Santiago Bernabeu Stadium,Copa Del Rey,2,1,Barcelona,"Puyol, Abidal",C.Ronaldo,,
25-01-2012,Camp Nou,Copa Del Rey,2,2,Draw,"Pedro, Alves","C.Ronaldo, Benzema",,
21-04-2012,Camp Nou,La Liga,1,2,Real Madrid,Alexis Sanchez,"Khedira, C.Ronaldo",,
23-08-2012,Camp Nou,Supercopa,3,2,Barcelona,"Pedro, Xavi, Messi","C.Ronaldo, Maria",,
29-08-2012,Santiago Bernabeu Stadium,Supercopa,1,2,Real Madrid,Messi,"Higuain, C.Ronaldo",,
07-10-2012,Camp Nou,La Liga,2,2,Draw,"Messi, Messi","C.Ronaldo, C.Ronaldo",,
30-01-2013,Santiago Bernabeu Stadium,Copa Del Rey,1,1,Draw,Fabregas,Varane,,
26-02-2013,Camp Nou,Copa Del Rey,1,3,Real Madrid,Alba,"C.Ronaldo, C.Ronaldo, Varane",,
02-03-2013,Santiago Bernabeu Stadium,La Liga,1,2,Real Madrid,Messi,"Benzema, Ramos",,
26-10-2013,Camp Nou,La Liga,2,1,Barcelona,"Neymar, Alexis Sanchez",Jese,,
23-03-2014,Santiago Bernabeu Stadium,La Liga,4,3,Barcelona,"Iniesta, Messi, Messi, Messi","Benzema, Benzema, C.Ronaldo",,
16-04-2014,Mestalla Stadium,Copa Del Rey,1,2,Real Madrid,Bartra,"di Maria, Bale",,
25-10-2014,Santiago Bernabeu Stadium,La Liga,1,3,Real Madrid,Neymar,"C.Ronaldo, Pepe, Benzema",,
22-03-2015,Camp Nou,La Liga,2,1,Barcelona,"Mathieu, L.A.Suarez",C.Ronaldo,,
21-11-2015,Santiago Bernabeu Stadium,La Liga,4,0,Barcelona,"L.A.Suarez, L.A.Suarez, Neymar, Iniesta",,,
02-04-2016,Camp Nou,La Liga,1,2,Real Madrid,Pique,"Benzema, C.Ronaldo",,
03-12-2016,Camp Nou,La Liga,1,1,Draw,L.A.Suarez,Ramos,,
23-04-2017,Santiago Bernabeu Stadium,La Liga,3,2,Barcelona,"Messi, Messi, Rakitic","Casemiro, Rodriguez",,
13-08-2017,Camp Nou,Supercopa,1,3,Real Madrid,Messi,"C.Ronaldo, Asensio",,Pique
16-08-2017,Santiago Bernabeu Stadium,Supercopa,0,2,Real Madrid,,"Asensio, Benzema",,
23-12-2017,Santiago Bernabeu Stadium,La Liga,3,0,Barcelona,"L.A.Suarez, Messi, Vidal",,,
06-05-2018,Camp Nou,La Liga,2,2,Draw,"L.A.Suarez, Messi","C.Ronaldo, Bale",,
28-10-2018,Camp Nou,La Liga,5,1,Barcelona,"Coutinho, L.A.Suarez, L.A.Suarez, L.A.Suarez, Vidal",Marcelo,,
06-02-2019,Camp Nou,Copa Del Rey,1,1,Draw,Malcom,Vazquez,,
27-02-2019,Santiago Bernabeu Stadium,Copa Del Rey,3,0,Barcelona,"L.A.Suarez, L.A.Suarez",,Varane,
02-03-2019,Santiago Bernabeu Stadium,La Liga,1,0,Barcelona,Rakitic,,,
18-12-2019,Camp Nou,La Liga,0,0,Draw,,,,
01-03-2020,Santiago Bernabeu Stadium,La Liga,0,2,Real Madrid,,"Vinicius, Diaz",,
24-10-2020,Camp Nou,La Liga,1,3,Real Madrid,Fati,"Valverde, Ramos, Modric",,
10-04-2021,Santiago Bernabeu Stadium,La Liga,1,2,Real Madrid,Mingueza,"Benzema, Kroos",,
24-10-2021,Camp Nou,La Liga,1,2,Real Madrid,Aguero,"Alaba, Vazquez",,
12-01-2022,King Fahd Stadium,Supercopa,2,3,Real Madrid,"Jong, Fati","Vinicius, Benzema, Valverde",,
20-03-2022,Santiago Bernabeu Stadium,La Liga,4,0,Barcelona,"Aubameyang, Aubameyang, Araujo, Torres",,,
16-10-2022,Santiago Bernabeu Stadium,La Liga,1,3,Real Madrid,Torres,"Benzema, Valverde, Rodrygo",,
15-01-2023,King Fahd Stadium,Supercopa,3,1,Barcelona,"Gavi, Lewandowski, Pedri",Benzema,,
02-03-2023,Santiago Bernabeu Stadium,Copa Del Rey,1,0,Barcelona,,,Militao,
19-03-2023,Camp Nou,La Liga,2,1,Barcelona,"Roberto, Kessie",,,Araujo
05-04-2023,Camp Nou,Copa Del Rey,0,4,Real Madrid,,"Vinicius, Benzema, Benzema, Benzema",,
28-10-2023,Camp Nou,La Liga,1,2,Real Madrid,Gundogan,"Bellingham, Bellingham",,
14-01-2024,Al -Awwal Park,Supercopa,1,4,Real Madrid,Lewandowski,"Vinicius, Vinicius, Vinicius, Rodrygo",,
21-04-2024,Santiago Bernabeu Stadium,La Liga,2,3,Real Madrid,"Christensen, Fermin Lopez","Vinicius, Vazquez, Bellingham",,
26-10-2024,Santiago Bernabeu Stadium,La Liga,4,0,Barcelona,"Lewandowski, Lewandowski, Yamal, Raphinha",,,
12-01-2025,King Abdullah Sport City,Supercopa,5,2,Barcelona,"Yamal, Raphinha, Raphinha, Balde, Lewandowski","Mbappe, Rodrygo",,
