Date,Venue,League,Winner,Scorer,Team,Real_Madrid_Own_Goal,Barcelona_Own_Goal
13-05-1902,Hipodromo,Copa de la Coronacion,Barcelona,Steinberg,Barcelona,,
13-05-1902,Hipodromo,Copa de la Coronacion,Barcelona,Steinberg,Barcelona,,
13-05-1902,Hipodromo,Copa de la Coronacion,Barcelona,Gamper,Barcelona,,
13-05-1902,Hipodromo,Copa de la Coronacion,Barcelona,Johnson,Real Madrid,,
26-03-1916,Camp del Carrer Muntaner,Copa Del Rey,Barcelona,Alcantara,Barcelona,,
26-03-1916,Camp del Carrer Muntaner,Copa Del Rey,Barcelona,Vicent Martinez,Barcelona,,
26-03-1916,Camp del Carrer Muntaner,Copa Del Rey,Barcelona,Petit,Real Madrid,,
02-04-1916,Campo de O'Donnell,Copa Del Rey,Real Madrid,Vicent Martinez,Barcelona,,
02-04-1916,Campo de O'Donnell,Copa Del Rey,Real Madrid,Bernabeu,Real Madrid,,
02-04-1916,Campo de O'Donnell,Copa Del Rey,Real Madrid,Bernabeu,Real Madrid,,
02-04-1916,Campo de O'Donnell,Copa Del Rey,Real Madrid,Bernabeu,Real Madrid,,
02-04-1916,Campo de O'Donnell,Copa Del Rey,Real Madrid,Petit,Real Madrid,,
13-04-1916,Campo de O'Donnell,Copa Del Rey,Draw,Alcantara,Barcelona,,
13-04-1916,Campo de O'Donnell,Copa Del Rey,Draw,Alcantara,Barcelona,,
13-04-1916,Campo de O'Donnell,Copa Del Rey,Draw,Alcantara,Barcelona,,
13-04-1916,Campo de O'Donnell,Copa Del Rey,Draw,Mallorqui,Barcelona,,
13-04-1916,Campo de O'Donnell,Copa Del Rey,Draw,Bau,Barcelona,,
13-04-1916,Campo de O'Donnell,Copa Del Rey,Draw,Vicent Martinez,Barcelona,,
13-04-1916,Campo de O'Donnell,Copa Del Rey,Draw,Belaunde,Real Madrid,,
13-04-1916,Campo de O'Donnell,Copa Del Rey,Draw,Belaunde,Real Madrid,,
13-04-1916,Campo de O'Donnell,Copa Del Rey,Draw,Belaunde,Real Madrid,,
13-04-1916,Campo de O'Donnell,Copa Del Rey,Draw,Bernabeu,Real Madrid,,
13-04-1916,Campo de O'Donnell,Copa Del Rey,Draw,Bernabeu,Real Madrid,,
13-04-1916,Campo de O'Donnell,Copa Del Rey,Draw,Bernabeu,Real Madrid,,
15-04-1916,Campo de O'Donnell,Copa Del Rey,Real Madrid,Vicent Martinez,Barcelona,,
15-04-1916,Campo de O'Donnell,Copa Del Rey,Real Madrid,Vicent Martinez,Barcelona,,
15-04-1916,Campo de O'Donnell,Copa Del Rey,Real Madrid,Bernabeu,Real Madrid,,
15-04-1916,Campo de O'Donnell,Copa Del Rey,Real Madrid,Zabalo,Real Madrid,,
15-04-1916,Campo de O'Donnell,Copa Del Rey,Real Madrid,Aranguren,Real Madrid,,
15-04-1916,Campo de O'Donnell,Copa Del Rey,Real Madrid,Aranguren,Real Madrid,,
18-04-1926,Santiago Bernabeu Stadium,Copa Del Rey,Barcelona,Samitier,Barcelona,,
18-04-1926,Santiago Bernabeu Stadium,Copa Del Rey,Barcelona,Samitier,Barcelona,,
18-04-1926,Santiago Bernabeu Stadium,Copa Del Rey,Barcelona,Samitier,Barcelona,,
18-04-1926,Santiago Bernabeu Stadium,Copa Del Rey,Barcelona,Samitier,Barcelona,,
18-04-1926,Santiago Bernabeu Stadium,Copa Del Rey,Barcelona,Piera,Barcelona,,
18-04-1926,Santiago Bernabeu Stadium,Copa Del Rey,Barcelona,Monjardin,Real Madrid,,
26-04-1926,Camp Nou,Copa Del Rey,Barcelona,Piera,Barcelona,,
26-04-1926,Camp Nou,Copa Del Rey,Barcelona,Samitier,Barcelona,,
26-04-1926,Camp Nou,Copa Del Rey,Barcelona,Samitier,Barcelona,,
17-02-1929,Camp Nou,La Liga,Real Madrid,Parera,Barcelona,,
17-02-1929,Camp Nou,La Liga,Real Madrid,Rafael Morera,Real Madrid,,
17-02-1929,Camp Nou,La Liga,Real Madrid,Rafael Morera,Real Madrid,,
09-05-1929,Santiago Bernabeu Stadium,La Liga,Barcelona,Sastre,Barcelona,,
26-01-1930,Camp Nou,La Liga,Real Madrid,Bestit,Barcelona,,
26-01-1930,Camp Nou,La Liga,Real Madrid,Rubio,Real Madrid,,
26-01-1930,Camp Nou,La Liga,Real Madrid,Rubio,Real Madrid,,
26-01-1930,Camp Nou,La Liga,Real Madrid,Lopez,Real Madrid,,
26-01-1930,Camp Nou,La Liga,Real Madrid,Lazcano,Real Madrid,,
30-03-1930,Santiago Bernabeu Stadium,La Liga,Real Madrid,Goiburu,Barcelona,,
30-03-1930,Santiago Bernabeu Stadium,La Liga,Real Madrid,Rubio,Real Madrid,,
30-03-1930,Santiago Bernabeu Stadium,La Liga,Real Madrid,Rubio,Real Madrid,,
30-03-1930,Santiago Bernabeu Stadium,La Liga,Real Madrid,Lazcano,Real Madrid,,
30-03-1930,Santiago Bernabeu Stadium,La Liga,Real Madrid,Lazcano,Real Madrid,,
30-03-1930,Santiago Bernabeu Stadium,La Liga,Real Madrid,Lazcano,Real Madrid,,
01-02-1931,Santiago Bernabeu Stadium,La Liga,Draw,No Goals,NA,,
05-04-1931,Camp Nou,La Liga,Barcelona,Ramon,Barcelona,,
05-04-1931,Camp Nou,La Liga,Barcelona,Ramon,Barcelona,,
05-04-1931,Camp Nou,La Liga,Barcelona,Ramon,Barcelona,,
05-04-1931,Camp Nou,La Liga,Barcelona,Eugenio,Real Madrid,,
31-01-1932,Santiago Bernabeu Stadium,La Liga,Real Madrid,Olivares,Real Madrid,,
31-01-1932,Santiago Bernabeu Stadium,La Liga,Real Madrid,Olivares,Real Madrid,,
03-04-1932,Camp Nou,La Liga,Draw,Samitier,Barcelona,,
03-04-1932,Camp Nou,La Liga,Draw,Arocha,Barcelona,,
03-04-1932,Camp Nou,La Liga,Draw,Lazcano,Real Madrid,,
03-04-1932,Camp Nou,La Liga,Draw,Regueiro,Real Madrid,,
01-01-1933,Camp Nou,La Liga,Draw,Arocha,Barcelona,,
01-01-1933,Camp Nou,La Liga,Draw,Regueiro,Real Madrid,,
05-03-1933,Santiago Bernabeu Stadium,La Liga,Real Madrid,Goiburu,Barcelona,,
05-03-1933,Santiago Bernabeu Stadium,La Liga,Real Madrid,Samitier,Real Madrid,,
05-03-1933,Santiago Bernabeu Stadium,La Liga,Real Madrid,Samitier,Real Madrid,,
26-11-1933,Camp Nou,La Liga,Real Madrid,Alejandro Morera,Barcelona,,
26-11-1933,Camp Nou,La Liga,Real Madrid,Olivares,Real Madrid,,
26-11-1933,Camp Nou,La Liga,Real Madrid,Regueiro,Real Madrid,,
28-01-1934,Santiago Bernabeu Stadium,La Liga,Real Madrid,Valle,Real Madrid,,
28-01-1934,Santiago Bernabeu Stadium,La Liga,Real Madrid,Samitier,Real Madrid,,
28-01-1934,Santiago Bernabeu Stadium,La Liga,Real Madrid,Regueiro,Real Madrid,,
28-01-1934,Santiago Bernabeu Stadium,La Liga,Real Madrid,Eugenio,Real Madrid,,
03-02-1935,Santiago Bernabeu Stadium,La Liga,Real Madrid,Escola,Barcelona,,
03-02-1935,Santiago Bernabeu Stadium,La Liga,Real Madrid,Guzman,Barcelona,,
03-02-1935,Santiago Bernabeu Stadium,La Liga,Real Madrid,Lazcano,Real Madrid,,
03-02-1935,Santiago Bernabeu Stadium,La Liga,Real Madrid,Lazcano,Real Madrid,,
03-02-1935,Santiago Bernabeu Stadium,La Liga,Real Madrid,Lazcano,Real Madrid,,
03-02-1935,Santiago Bernabeu Stadium,La Liga,Real Madrid,Sanudo,Real Madrid,,
03-02-1935,Santiago Bernabeu Stadium,La Liga,Real Madrid,Sanudo,Real Madrid,,
03-02-1935,Santiago Bernabeu Stadium,La Liga,Real Madrid,Sanudo,Real Madrid,,
03-02-1935,Santiago Bernabeu Stadium,La Liga,Real Madrid,Sanudo,Real Madrid,,
03-02-1935,Santiago Bernabeu Stadium,La Liga,Real Madrid,Regueiro,Real Madrid,,
21-04-1935,Camp Nou,La Liga,Barcelona,Ventolra,Barcelona,,
21-04-1935,Camp Nou,La Liga,Barcelona,Ventolra,Barcelona,,
21-04-1935,Camp Nou,La Liga,Barcelona,Ventolra,Barcelona,,
21-04-1935,Camp Nou,La Liga,Barcelona,Ventolra,Barcelona,,
21-04-1935,Camp Nou,La Liga,Barcelona,Escola,Barcelona,,
22-12-1935,Camp Nou,La Liga,Real Madrid,Regueiro,Real Madrid,,
22-12-1935,Camp Nou,La Liga,Real Madrid,Diz,Real Madrid,,
22-12-1935,Camp Nou,La Liga,Real Madrid,Lecue,Real Madrid,,
22-03-1936,Santiago Bernabeu Stadium,La Liga,Real Madrid,Lecue,Real Madrid,,
22-03-1936,Santiago Bernabeu Stadium,La Liga,Real Madrid,Lecue,Real Madrid,,
22-03-1936,Santiago Bernabeu Stadium,La Liga,Real Madrid,Emilin,Real Madrid,,
21-06-1936,Mestalla Stadium,Copa Del Rey,Real Madrid,Escola,Barcelona,,
21-06-1936,Mestalla Stadium,Copa Del Rey,Real Madrid,Eugenio,Real Madrid,,
21-06-1936,Mestalla Stadium,Copa Del Rey,Real Madrid,Lecue,Real Madrid,,
28-01-1940,Santiago Bernabeu Stadium,La Liga,Real Madrid,Pascual,Barcelona,,
28-01-1940,Santiago Bernabeu Stadium,La Liga,Real Madrid,Chus Alonso,Real Madrid,,
28-01-1940,Santiago Bernabeu Stadium,La Liga,Real Madrid,Lecue,Real Madrid,,
14-04-1940,Camp Nou,La Liga,Draw,No Goals,NA,,
01-12-1940,Camp Nou,La Liga,Barcelona,Sospedra,Barcelona,,
01-12-1940,Camp Nou,La Liga,Barcelona,Sospedra,Barcelona,,
01-12-1940,Camp Nou,La Liga,Barcelona,Mas,Barcelona,,
23-02-1941,Santiago Bernabeu Stadium,La Liga,Barcelona,Bravo,Barcelona,,
23-02-1941,Santiago Bernabeu Stadium,La Liga,Barcelona,Martin,Barcelona,,
23-02-1941,Santiago Bernabeu Stadium,La Liga,Barcelona,Barinaga,Real Madrid,,
19-10-1941,Santiago Bernabeu Stadium,La Liga,Real Madrid,Calvet,Barcelona,,
19-10-1941,Santiago Bernabeu Stadium,La Liga,Real Madrid,Raich,Barcelona,,
19-10-1941,Santiago Bernabeu Stadium,La Liga,Real Madrid,Gracia,Barcelona,,
19-10-1941,Santiago Bernabeu Stadium,La Liga,Real Madrid,Arbiza,Real Madrid,,
19-10-1941,Santiago Bernabeu Stadium,La Liga,Real Madrid,Arbiza,Real Madrid,,
19-10-1941,Santiago Bernabeu Stadium,La Liga,Real Madrid,Belmar,Real Madrid,,
19-10-1941,Santiago Bernabeu Stadium,La Liga,Real Madrid,,Barcelona,,Benito
25-01-1942,Camp Nou,La Liga,Real Madrid,Alday,Real Madrid,,
25-01-1942,Camp Nou,La Liga,Real Madrid,Alday,Real Madrid,,
27-09-1942,Santiago Bernabeu Stadium,La Liga,Real Madrid,Arbiza,Real Madrid,,
27-09-1942,Santiago Bernabeu Stadium,La Liga,Real Madrid,Arbiza,Real Madrid,,
27-09-1942,Santiago Bernabeu Stadium,La Liga,Real Madrid,Alsua,Real Madrid,,
10-01-1943,Camp Nou,La Liga,Draw,Martin,Barcelona,,
10-01-1943,Camp Nou,La Liga,Draw,Martin,Barcelona,,
10-01-1943,Camp Nou,La Liga,Draw,Escola,Barcelona,,
10-01-1943,Camp Nou,La Liga,Draw,Mas,Barcelona,,
10-01-1943,Camp Nou,La Liga,Draw,Mas,Barcelona,,
10-01-1943,Camp Nou,La Liga,Draw,Chus Alonso,Real Madrid,,
10-01-1943,Camp Nou,La Liga,Draw,Alday,Real Madrid,,
10-01-1943,Camp Nou,La Liga,Draw,Alday,Real Madrid,,
10-01-1943,Camp Nou,La Liga,Draw,Botella,Real Madrid,,
10-01-1943,Camp Nou,La Liga,Draw,Mardones II,Real Madrid,,
06-06-1943,Camp de Les Corts,Copa Del Rey,Barcelona,Valle Mas,Barcelona,,
06-06-1943,Camp de Les Corts,Copa Del Rey,Barcelona,Escola,Barcelona,,
06-06-1943,Camp de Les Corts,Copa Del Rey,Barcelona,Sospedra,Barcelona,,
13-06-1943,Santiago Bernabeu Stadium,Copa Del Rey,Real Madrid,Martin,Barcelona,,
13-06-1943,Santiago Bernabeu Stadium,Copa Del Rey,Real Madrid,Pruden,Real Madrid,,
13-06-1943,Santiago Bernabeu Stadium,Copa Del Rey,Real Madrid,Pruden,Real Madrid,,
13-06-1943,Santiago Bernabeu Stadium,Copa Del Rey,Real Madrid,Pruden,Real Madrid,,
13-06-1943,Santiago Bernabeu Stadium,Copa Del Rey,Real Madrid,Barinaga,Real Madrid,,
13-06-1943,Santiago Bernabeu Stadium,Copa Del Rey,Real Madrid,Barinaga,Real Madrid,,
13-06-1943,Santiago Bernabeu Stadium,Copa Del Rey,Real Madrid,Barinaga,Real Madrid,,
13-06-1943,Santiago Bernabeu Stadium,Copa Del Rey,Real Madrid,Barinaga,Real Madrid,,
13-06-1943,Santiago Bernabeu Stadium,Copa Del Rey,Real Madrid,Chus Alonso,Real Madrid,,
13-06-1943,Santiago Bernabeu Stadium,Copa Del Rey,Real Madrid,Chus Alonso,Real Madrid,,
13-06-1943,Santiago Bernabeu Stadium,Copa Del Rey,Real Madrid,Alsua,Real Madrid,,
13-06-1943,Santiago Bernabeu Stadium,Copa Del Rey,Real Madrid,Botella,Real Madrid,,
02-01-1944,Santiago Bernabeu Stadium,La Liga,Barcelona,Mas,Barcelona,,
09-04-1944,Camp Nou,La Liga,Real Madrid,Escola,Barcelona,,
09-04-1944,Camp Nou,La Liga,Real Madrid,Alsua,Real Madrid,,
09-04-1944,Camp Nou,La Liga,Real Madrid,,Barcelona,,Rosalench
12-11-1944,Santiago Bernabeu Stadium,La Liga,Real Madrid,Moleiro,Real Madrid,,
25-03-1945,Camp Nou,La Liga,Barcelona,Cesar,Barcelona,,
25-03-1945,Camp Nou,La Liga,Barcelona,Cesar,Barcelona,,
25-03-1945,Camp Nou,La Liga,Barcelona,Bravo,Barcelona,,
25-03-1945,Camp Nou,La Liga,Barcelona,Escola,Barcelona,,
25-03-1945,Camp Nou,La Liga,Barcelona,Mariano Gonzalvo,Barcelona,,
25-11-1945,Santiago Bernabeu Stadium,La Liga,Real Madrid,Martin,Barcelona,,
25-11-1945,Santiago Bernabeu Stadium,La Liga,Real Madrid,Mariano Gonzalvo,Barcelona,,
25-11-1945,Santiago Bernabeu Stadium,La Liga,Real Madrid,Barinaga,Real Madrid,,
25-11-1945,Santiago Bernabeu Stadium,La Liga,Real Madrid,Pruden,Real Madrid,,
25-11-1945,Santiago Bernabeu Stadium,La Liga,Real Madrid,Belmar,Real Madrid,,
03-03-1946,Camp Nou,La Liga,Barcelona,Cesar,Barcelona,,
01-12-1946,Santiago Bernabeu Stadium,La Liga,Real Madrid,Seguer,Barcelona,,
01-12-1946,Santiago Bernabeu Stadium,La Liga,Real Madrid,Corona,Real Madrid,,
01-12-1946,Santiago Bernabeu Stadium,La Liga,Real Madrid,Molowny,Real Madrid,,
30-03-1947,Camp Nou,La Liga,Barcelona,Bravo,Barcelona,,
30-03-1947,Camp Nou,La Liga,Barcelona,Navarro,Barcelona,,
30-03-1947,Camp Nou,La Liga,Barcelona,Navarro,Barcelona,,
30-03-1947,Camp Nou,La Liga,Barcelona,Arsuaga,Real Madrid,,
30-03-1947,Camp Nou,La Liga,Barcelona,Arsuaga,Real Madrid,,
12-10-1947,Santiago Bernabeu Stadium,La Liga,Draw,Barinaga,Real Madrid,,
12-10-1947,Santiago Bernabeu Stadium,La Liga,Draw,,Real Madrid,Clemente,
25-01-1948,Camp Nou,La Liga,Barcelona,Seguer,Barcelona,,
25-01-1948,Camp Nou,La Liga,Barcelona,Basora,Barcelona,,
25-01-1948,Camp Nou,La Liga,Barcelona,Basora,Barcelona,,
25-01-1948,Camp Nou,La Liga,Barcelona,Cesar,Barcelona,,
25-01-1948,Camp Nou,La Liga,Barcelona,Gallardo,Real Madrid,,
25-01-1948,Camp Nou,La Liga,Barcelona,Yunta,Real Madrid,,
19-09-1948,Santiago Bernabeu Stadium,La Liga,Barcelona,Florencio,Barcelona,,
19-09-1948,Santiago Bernabeu Stadium,La Liga,Barcelona,Basora,Barcelona,,
19-09-1948,Santiago Bernabeu Stadium,La Liga,Barcelona,Barinaga,Real Madrid,,
09-01-1949,Camp Nou,La Liga,Barcelona,Cesar,Barcelona,,
09-01-1949,Camp Nou,La Liga,Barcelona,Cesar,Barcelona,,
09-01-1949,Camp Nou,La Liga,Barcelona,Basora,Barcelona,,
09-01-1949,Camp Nou,La Liga,Barcelona,Pahino,Real Madrid,,
18-09-1949,Santiago Bernabeu Stadium,La Liga,Real Madrid,Jose Gonzalvo,Barcelona,,
18-09-1949,Santiago Bernabeu Stadium,La Liga,Real Madrid,Pahino,Real Madrid,,
18-09-1949,Santiago Bernabeu Stadium,La Liga,Real Madrid,Pahino,Real Madrid,,
18-09-1949,Santiago Bernabeu Stadium,La Liga,Real Madrid,Pahino,Real Madrid,,
18-09-1949,Santiago Bernabeu Stadium,La Liga,Real Madrid,Cabrera,Real Madrid,,
18-09-1949,Santiago Bernabeu Stadium,La Liga,Real Madrid,Macala,Real Madrid,,
18-09-1949,Santiago Bernabeu Stadium,La Liga,Real Madrid,Macala,Real Madrid,,
15-01-1950,Camp Nou,La Liga,Real Madrid,Basora,Barcelona,,
15-01-1950,Camp Nou,La Liga,Real Madrid,Cesar,Barcelona,,
15-01-1950,Camp Nou,La Liga,Real Madrid,Pahino,Real Madrid,,
15-01-1950,Camp Nou,La Liga,Real Madrid,Verdu,Real Madrid,,
15-01-1950,Camp Nou,La Liga,Real Madrid,Cabrera,Real Madrid,,
24-09-1950,Camp Nou,La Liga,Barcelona,Nicolau,Barcelona,,
24-09-1950,Camp Nou,La Liga,Barcelona,Nicolau,Barcelona,,
24-09-1950,Camp Nou,La Liga,Barcelona,Cesar,Barcelona,,
24-09-1950,Camp Nou,La Liga,Barcelona,Aurelio,Barcelona,,
24-09-1950,Camp Nou,La Liga,Barcelona,Aurelio,Barcelona,,
24-09-1950,Camp Nou,La Liga,Barcelona,Mariano Gonzalvo,Barcelona,,
24-09-1950,Camp Nou,La Liga,Barcelona,Basora,Barcelona,,
24-09-1950,Camp Nou,La Liga,Barcelona,Molowny,Real Madrid,,
24-09-1950,Camp Nou,La Liga,Barcelona,Gonzalez,Real Madrid,,
14-01-1951,Santiago Bernabeu Stadium,La Liga,Real Madrid,Canal,Barcelona,,
14-01-1951,Santiago Bernabeu Stadium,La Liga,Real Madrid,Narro,Real Madrid,,
14-01-1951,Santiago Bernabeu Stadium,La Liga,Real Madrid,Narro,Real Madrid,,
14-01-1951,Santiago Bernabeu Stadium,La Liga,Real Madrid,Narro,Real Madrid,,
14-01-1951,Santiago Bernabeu Stadium,La Liga,Real Madrid,Pahino,Real Madrid,,
11-11-1951,Santiago Bernabeu Stadium,La Liga,Real Madrid,Basora,Barcelona,,
11-11-1951,Santiago Bernabeu Stadium,La Liga,Real Madrid,Molowny,Real Madrid,,
11-11-1951,Santiago Bernabeu Stadium,La Liga,Real Madrid,Cabrera,Real Madrid,,
11-11-1951,Santiago Bernabeu Stadium,La Liga,Real Madrid,Pahino,Real Madrid,,
11-11-1951,Santiago Bernabeu Stadium,La Liga,Real Madrid,Pahino,Real Madrid,,
11-11-1951,Santiago Bernabeu Stadium,La Liga,Real Madrid,Olsen,Real Madrid,,
02-03-1952,Camp Nou,La Liga,Barcelona,Soler,Barcelona,,
02-03-1952,Camp Nou,La Liga,Barcelona,Cesar,Barcelona,,
02-03-1952,Camp Nou,La Liga,Barcelona,Cesar,Barcelona,,
02-03-1952,Camp Nou,La Liga,Barcelona,Cesar,Barcelona,,
02-03-1952,Camp Nou,La Liga,Barcelona,Olsen,Real Madrid,,
02-03-1952,Camp Nou,La Liga,Barcelona,Arsuaga,Real Madrid,,
23-11-1952,Santiago Bernabeu Stadium,La Liga,Real Madrid,Manchon,Barcelona,,
23-11-1952,Santiago Bernabeu Stadium,La Liga,Real Madrid,Arsuaga,Real Madrid,,
23-11-1952,Santiago Bernabeu Stadium,La Liga,Real Madrid,Arsuaga,Real Madrid,,
05-04-1953,Camp Nou,La Liga,Barcelona,Moreno,Barcelona,,
25-10-1953,Santiago Bernabeu Stadium,La Liga,Real Madrid,Stefano,Real Madrid,,
25-10-1953,Santiago Bernabeu Stadium,La Liga,Real Madrid,Stefano,Real Madrid,,
25-10-1953,Santiago Bernabeu Stadium,La Liga,Real Madrid,Olsen,Real Madrid,,
25-10-1953,Santiago Bernabeu Stadium,La Liga,Real Madrid,Olsen,Real Madrid,,
25-10-1953,Santiago Bernabeu Stadium,La Liga,Real Madrid,Molowny,Real Madrid,,
21-02-1954,Camp Nou,La Liga,Barcelona,Tejada,Barcelona,,
21-02-1954,Camp Nou,La Liga,Barcelona,Tejada,Barcelona,,
21-02-1954,Camp Nou,La Liga,Barcelona,Cesar,Barcelona,,
21-02-1954,Camp Nou,La Liga,Barcelona,Moreno,Barcelona,,
21-02-1954,Camp Nou,La Liga,Barcelona,Manchon,Barcelona,,
21-02-1954,Camp Nou,La Liga,Barcelona,Stefano,Real Madrid,,
06-06-1954,Santiago Bernabeu Stadium,Copa Del Rey,Real Madrid,Mateos,Real Madrid,,
13-06-1954,Camp Nou,Copa Del Rey,Barcelona,Cesar,Barcelona,,
13-06-1954,Camp Nou,Copa Del Rey,Barcelona,Cesar,Barcelona,,
13-06-1954,Camp Nou,Copa Del Rey,Barcelona,Biosca,Barcelona,,
13-06-1954,Camp Nou,Copa Del Rey,Barcelona,Paya,Real Madrid,,
21-11-1954,Santiago Bernabeu Stadium,La Liga,Real Madrid,Stefano,Real Madrid,,
21-11-1954,Santiago Bernabeu Stadium,La Liga,Real Madrid,Rial,Real Madrid,,
21-11-1954,Santiago Bernabeu Stadium,La Liga,Real Madrid,Joseito,Real Madrid,,
06-03-1955,Camp Nou,La Liga,Draw,Basora,Barcelona,,
06-03-1955,Camp Nou,La Liga,Draw,Moll,Barcelona,,
06-03-1955,Camp Nou,La Liga,Draw,Gento,Real Madrid,,
06-03-1955,Camp Nou,La Liga,Draw,Gento,Real Madrid,,
13-11-1955,Santiago Bernabeu Stadium,La Liga,Real Madrid,Areta,Barcelona,,
13-11-1955,Santiago Bernabeu Stadium,La Liga,Real Madrid,Rial,Real Madrid,,
13-11-1955,Santiago Bernabeu Stadium,La Liga,Real Madrid,Marquitos,Real Madrid,,
18-03-1956,Camp Nou,La Liga,Barcelona,Villaverde,Barcelona,,
18-03-1956,Camp Nou,La Liga,Barcelona,Villaverde,Barcelona,,
11-11-1956,Camp Nou,La Liga,Barcelona,Suarez,Barcelona,,
03-03-1957,Santiago Bernabeu Stadium,La Liga,Real Madrid,Joseito,Real Madrid,,
12-05-1957,Santiago Bernabeu Stadium,Copa Del Rey,Draw,Kubala,Barcelona,,
12-05-1957,Santiago Bernabeu Stadium,Copa Del Rey,Draw,Basora,Barcelona,,
12-05-1957,Santiago Bernabeu Stadium,Copa Del Rey,Draw,Di Stefano,Real Madrid,,
12-05-1957,Santiago Bernabeu Stadium,Copa Del Rey,Draw,Di Stefano,Real Madrid,,
19-05-1957,Camp Nou,Copa Del Rey,Barcelona,Eulogio Martinez,Barcelona,,
19-05-1957,Camp Nou,Copa Del Rey,Barcelona,Eulogio Martinez,Barcelona,,
19-05-1957,Camp Nou,Copa Del Rey,Barcelona,Eulogio Martinez,Barcelona,,
19-05-1957,Camp Nou,Copa Del Rey,Barcelona,Eulogio Martinez,Barcelona,,
19-05-1957,Camp Nou,Copa Del Rey,Barcelona,Kubala,Barcelona,,
19-05-1957,Camp Nou,Copa Del Rey,Barcelona,Villaverde,Barcelona,,
19-05-1957,Camp Nou,Copa Del Rey,Barcelona,,Barcelona,,Olivella
13-10-1957,Santiago Bernabeu Stadium,La Liga,Real Madrid,Kopa,Real Madrid,,
13-10-1957,Santiago Bernabeu Stadium,La Liga,Real Madrid,Rial,Real Madrid,,
13-10-1957,Santiago Bernabeu Stadium,La Liga,Real Madrid,Stefano,Real Madrid,,
02-02-1958,Camp Nou,La Liga,Real Madrid,Marsal,Real Madrid,,
02-02-1958,Camp Nou,La Liga,Real Madrid,Rial,Real Madrid,,
26-10-1958,Camp Nou,La Liga,Barcelona,Evaristo,Barcelona,,
26-10-1958,Camp Nou,La Liga,Barcelona,Evaristo,Barcelona,,
26-10-1958,Camp Nou,La Liga,Barcelona,Evaristo,Barcelona,,
26-10-1958,Camp Nou,La Liga,Barcelona,Tejada,Barcelona,,
15-02-1959,Santiago Bernabeu Stadium,La Liga,Real Madrid,Herrera,Real Madrid,,
07-06-1959,Santiago Bernabeu Stadium,Copa Del Rey,Barcelona,Kocsis,Barcelona,,
07-06-1959,Santiago Bernabeu Stadium,Copa Del Rey,Barcelona,Kocsis,Barcelona,,
07-06-1959,Santiago Bernabeu Stadium,Copa Del Rey,Barcelona,Suarez,Barcelona,,
07-06-1959,Santiago Bernabeu Stadium,Copa Del Rey,Barcelona,Suarez,Barcelona,,
07-06-1959,Santiago Bernabeu Stadium,Copa Del Rey,Barcelona,Puskas,Real Madrid,,
07-06-1959,Santiago Bernabeu Stadium,Copa Del Rey,Barcelona,Mateos,Real Madrid,,
14-06-1959,Camp Nou,Copa Del Rey,Barcelona,Villaverde,Barcelona,,
14-06-1959,Camp Nou,Copa Del Rey,Barcelona,Suarez,Barcelona,,
14-06-1959,Camp Nou,Copa Del Rey,Barcelona,Suarez,Barcelona,,
14-06-1959,Camp Nou,Copa Del Rey,Barcelona,Gento,Real Madrid,,
29-11-1959,Santiago Bernabeu Stadium,La Liga,Real Madrid,Mateos,Real Madrid,,
29-11-1959,Santiago Bernabeu Stadium,La Liga,Real Madrid,Stefano,Real Madrid,,
20-03-1960,Camp Nou,La Liga,Barcelona,Kocsis,Barcelona,,
20-03-1960,Camp Nou,La Liga,Barcelona,Eulogio Martinez,Barcelona,,
20-03-1960,Camp Nou,La Liga,Barcelona,Villaverde,Barcelona,,
20-03-1960,Camp Nou,La Liga,Barcelona,Stefano,Real Madrid,,
21-04-1960,Santiago Bernabeu Stadium,UEFA Championship,Real Madrid,Eulogio Martinez,Barcelona,,
21-04-1960,Santiago Bernabeu Stadium,UEFA Championship,Real Madrid,Stefano,Real Madrid,,
21-04-1960,Santiago Bernabeu Stadium,UEFA Championship,Real Madrid,Stefano,Real Madrid,,
21-04-1960,Santiago Bernabeu Stadium,UEFA Championship,Real Madrid,Puskas,Real Madrid,,
27-04-1960,Camp Nou,UEFA Championship,Real Madrid,Kocsis,Barcelona,,
27-04-1960,Camp Nou,UEFA Championship,Real Madrid,Puskas,Real Madrid,,
27-04-1960,Camp Nou,UEFA Championship,Real Madrid,Puskas,Real Madrid,,
27-04-1960,Camp Nou,UEFA Championship,Real Madrid,Gento,Real Madrid,,
09-11-1960,Santiago Bernabeu Stadium,UEFA Championship,Draw,Suarez,Barcelona,,
09-11-1960,Santiago Bernabeu Stadium,UEFA Championship,Draw,Suarez,Barcelona,,
09-11-1960,Santiago Bernabeu Stadium,UEFA Championship,Draw,Mateos,Real Madrid,,
09-11-1960,Santiago Bernabeu Stadium,UEFA Championship,Draw,Gento,Real Madrid,,
23-11-1960,Camp Nou,UEFA Championship,Barcelona,Verges,Barcelona,,
23-11-1960,Camp Nou,UEFA Championship,Barcelona,Evaristo,Barcelona,,
23-11-1960,Camp Nou,UEFA Championship,Barcelona,Canario,Real Madrid,,
04-12-1960,Camp Nou,La Liga,Real Madrid,Eulogio Martinez,Barcelona,,
04-12-1960,Camp Nou,La Liga,Real Madrid,Villaverde,Barcelona,,
04-12-1960,Camp Nou,La Liga,Real Madrid,Kubala,Barcelona,,
04-12-1960,Camp Nou,La Liga,Real Madrid,Stefano,Real Madrid,,
04-12-1960,Camp Nou,La Liga,Real Madrid,Stefano,Real Madrid,,
04-12-1960,Camp Nou,La Liga,Real Madrid,Sol,Real Madrid,,
04-12-1960,Camp Nou,La Liga,Real Madrid,Gento,Real Madrid,,
04-12-1960,Camp Nou,La Liga,Real Madrid,Gento,Real Madrid,,
26-03-1961,Santiago Bernabeu Stadium,La Liga,Real Madrid,Suarez,Barcelona,,
26-03-1961,Santiago Bernabeu Stadium,La Liga,Real Madrid,Kubala,Barcelona,,
26-03-1961,Santiago Bernabeu Stadium,La Liga,Real Madrid,Sol,Real Madrid,,
26-03-1961,Santiago Bernabeu Stadium,La Liga,Real Madrid,Stefano,Real Madrid,,
26-03-1961,Santiago Bernabeu Stadium,La Liga,Real Madrid,Puskas,Real Madrid,,
30-09-1961,Santiago Bernabeu Stadium,La Liga,Real Madrid,Puskas,Real Madrid,,
30-09-1961,Santiago Bernabeu Stadium,La Liga,Real Madrid,Sol,Real Madrid,,
21-01-1962,Camp Nou,La Liga,Barcelona,Evaristo,Barcelona,,
21-01-1962,Camp Nou,La Liga,Barcelona,Evaristo,Barcelona,,
21-01-1962,Camp Nou,La Liga,Barcelona,Kocsis,Barcelona,,
21-01-1962,Camp Nou,La Liga,Barcelona,Ruiz,Real Madrid,,
15-04-1962,Santiago Bernabeu Stadium,Copa Del Rey,Barcelona,Eulogio Martinez,Barcelona,,
22-04-1962,Camp Nou,Copa Del Rey,Real Madrid,Pereda,Barcelona,,
22-04-1962,Camp Nou,Copa Del Rey,Real Madrid,del Sol,Real Madrid,,
22-04-1962,Camp Nou,Copa Del Rey,Real Madrid,Puskas,Real Madrid,,
22-04-1962,Camp Nou,Copa Del Rey,Real Madrid,Gento,Real Madrid,,
30-09-1962,Santiago Bernabeu Stadium,La Liga,Real Madrid,Stefano,Real Madrid,,
30-09-1962,Santiago Bernabeu Stadium,La Liga,Real Madrid,Stefano,Real Madrid,,
27-01-1963,Camp Nou,La Liga,Real Madrid,Re,Barcelona,,
27-01-1963,Camp Nou,La Liga,Real Madrid,Puskas,Real Madrid,,
27-01-1963,Camp Nou,La Liga,Real Madrid,Puskas,Real Madrid,,
27-01-1963,Camp Nou,La Liga,Real Madrid,Puskas,Real Madrid,,
27-01-1963,Camp Nou,La Liga,Real Madrid,Stefano,Real Madrid,,
27-01-1963,Camp Nou,La Liga,Real Madrid,Gento,Real Madrid,,
15-12-1963,Santiago Bernabeu Stadium,La Liga,Real Madrid,Puskas,Real Madrid,,
15-12-1963,Santiago Bernabeu Stadium,La Liga,Real Madrid,Puskas,Real Madrid,,
15-12-1963,Santiago Bernabeu Stadium,La Liga,Real Madrid,Puskas,Real Madrid,,
15-12-1963,Santiago Bernabeu Stadium,La Liga,Real Madrid,Stefano,Real Madrid,,
30-03-1964,Camp Nou,La Liga,Real Madrid,Zaldua,Barcelona,,
30-03-1964,Camp Nou,La Liga,Real Madrid,Gento,Real Madrid,,
30-03-1964,Camp Nou,La Liga,Real Madrid,Puskas,Real Madrid,,
08-11-1964,Santiago Bernabeu Stadium,La Liga,Real Madrid,Re,Barcelona,,
08-11-1964,Santiago Bernabeu Stadium,La Liga,Real Madrid,Amancio,Real Madrid,,
08-11-1964,Santiago Bernabeu Stadium,La Liga,Real Madrid,Amancio,Real Madrid,,
08-11-1964,Santiago Bernabeu Stadium,La Liga,Real Madrid,Amancio,Real Madrid,,
08-11-1964,Santiago Bernabeu Stadium,La Liga,Real Madrid,Serena,Real Madrid,,
28-02-1965,Camp Nou,La Liga,Real Madrid,Re,Barcelona,,
28-02-1965,Camp Nou,La Liga,Real Madrid,Pirri,Real Madrid,,
28-02-1965,Camp Nou,La Liga,Real Madrid,Serena,Real Madrid,,
19-12-1965,Santiago Bernabeu Stadium,La Liga,Barcelona,Fuste,Barcelona,,
19-12-1965,Santiago Bernabeu Stadium,La Liga,Barcelona,Fuste,Barcelona,,
19-12-1965,Santiago Bernabeu Stadium,La Liga,Barcelona,Zaldua,Barcelona,,
19-12-1965,Santiago Bernabeu Stadium,La Liga,Barcelona,Ruiz,Real Madrid,,
27-03-1966,Camp Nou,La Liga,Barcelona,Rife,Barcelona,,
27-03-1966,Camp Nou,La Liga,Barcelona,Zaballa,Barcelona,,
27-03-1966,Camp Nou,La Liga,Barcelona,Gento,Real Madrid,,
20-11-1966,Santiago Bernabeu Stadium,La Liga,Real Madrid,Veloso,Real Madrid,,
19-03-1967,Camp Nou,La Liga,Barcelona,Fuste,Barcelona,,
19-03-1967,Camp Nou,La Liga,Barcelona,Fuste,Barcelona,,
19-03-1967,Camp Nou,La Liga,Barcelona,Amancio,Real Madrid,,
10-12-1967,Santiago Bernabeu Stadium,La Liga,Draw,Zaldua,Barcelona,,
10-12-1967,Santiago Bernabeu Stadium,La Liga,Draw,Gento,Real Madrid,,
09-04-1968,Camp Nou,La Liga,Draw,Zaldua,Barcelona,,
09-04-1968,Camp Nou,La Liga,Draw,Pirri,Real Madrid,,
11-07-1968,Santiago Bernabeu Stadium,Copa Del Rey,Barcelona,,Real Madrid,Zunzunegui,
16-11-1968,Santiago Bernabeu Stadium,La Liga,Real Madrid,Zaldua,Barcelona,,
16-11-1968,Santiago Bernabeu Stadium,La Liga,Real Madrid,Pirri,Real Madrid,,
16-11-1968,Santiago Bernabeu Stadium,La Liga,Real Madrid,Luis,Real Madrid,,
09-03-1969,Camp Nou,La Liga,Draw,Zaldua,Barcelona,,
09-03-1969,Camp Nou,La Liga,Draw,Gento,Real Madrid,,
14-09-1969,Santiago Bernabeu Stadium,La Liga,Draw,Bustillo,Barcelona,,
14-09-1969,Santiago Bernabeu Stadium,La Liga,Draw,Bustillo,Barcelona,,
14-09-1969,Santiago Bernabeu Stadium,La Liga,Draw,Rexach,Barcelona,,
14-09-1969,Santiago Bernabeu Stadium,La Liga,Draw,Fleitas,Real Madrid,,
14-09-1969,Santiago Bernabeu Stadium,La Liga,Draw,Fleitas,Real Madrid,,
14-09-1969,Santiago Bernabeu Stadium,La Liga,Draw,Gento,Real Madrid,,
28-12-1969,Camp Nou,La Liga,Barcelona,Gallego,Barcelona,,
30-05-1970,Santiago Bernabeu Stadium,Copa Del Rey,Real Madrid,Grosso,Real Madrid,,
30-05-1970,Santiago Bernabeu Stadium,Copa Del Rey,Real Madrid,Amancio,Real Madrid,,
06-06-1970,Camp Nou,Copa Del Rey,Draw,Rexach,Barcelona,,
06-06-1970,Camp Nou,Copa Del Rey,Draw,Amancio,Real Madrid,,
25-10-1970,Santiago Bernabeu Stadium,La Liga,Barcelona,Zabalza,Barcelona,,
14-02-1971,Camp Nou,La Liga,Real Madrid,Grande,Real Madrid,,
27-11-1971,Santiago Bernabeu Stadium,La Liga,Draw,Asensi,Barcelona,,
27-11-1971,Santiago Bernabeu Stadium,La Liga,Draw,Grosso,Real Madrid,,
03-04-1972,Camp Nou,La Liga,Barcelona,Asensi,Barcelona,,
01-10-1972,Camp Nou,La Liga,Barcelona,Barrios,Barcelona,,
24-02-1973,Santiago Bernabeu Stadium,La Liga,Draw,No Goals,NA,,
07-10-1973,Camp Nou,La Liga,Draw,No Goals,NA,,
16-02-1974,Santiago Bernabeu Stadium,La Liga,Barcelona,Asensi,Barcelona,,
16-02-1974,Santiago Bernabeu Stadium,La Liga,Barcelona,Asensi,Barcelona,,
16-02-1974,Santiago Bernabeu Stadium,La Liga,Barcelona,Cruyff,Barcelona,,
16-02-1974,Santiago Bernabeu Stadium,La Liga,Barcelona,Carlos,Barcelona,,
16-02-1974,Santiago Bernabeu Stadium,La Liga,Barcelona,Sotil,Barcelona,,
29-06-1974,Vicente Calderon Stadium,Copa Del Rey,Real Madrid,Santillana,Real Madrid,,
29-06-1974,Vicente Calderon Stadium,Copa Del Rey,Real Madrid,Rubinan,Real Madrid,,
29-06-1974,Vicente Calderon Stadium,Copa Del Rey,Real Madrid,Aguilar,Real Madrid,,
29-06-1974,Vicente Calderon Stadium,Copa Del Rey,Real Madrid,Pirri,Real Madrid,,
04-01-1975,Santiago Bernabeu Stadium,La Liga,Real Madrid,Roberto Martinez,Real Madrid,,
11-05-1975,Camp Nou,La Liga,Draw,No Goals,NA,,
27-12-1975,Camp Nou,La Liga,Barcelona,Neeskens,Barcelona,,
27-12-1975,Camp Nou,La Liga,Barcelona,Rexach,Barcelona,,
27-12-1975,Camp Nou,La Liga,Barcelona,Pirri,Real Madrid,,
30-04-1976,Santiago Bernabeu Stadium,La Liga,Barcelona,Rexach,Barcelona,,
30-04-1976,Santiago Bernabeu Stadium,La Liga,Barcelona,Heredia,Barcelona,,
19-09-1976,Camp Nou,La Liga,Barcelona,Marcial,Barcelona,,
19-09-1976,Camp Nou,La Liga,Barcelona,Cruyff,Barcelona,,
19-09-1976,Camp Nou,La Liga,Barcelona,Heredia,Barcelona,,
19-09-1976,Camp Nou,La Liga,Barcelona,Pirri,Real Madrid,,
30-01-1977,Santiago Bernabeu Stadium,La Liga,Draw,Cruyff,Barcelona,,
30-01-1977,Santiago Bernabeu Stadium,La Liga,Draw,Pirri,Real Madrid,,
04-12-1977,Camp Nou,La Liga,Real Madrid,Rexach,Barcelona,,
04-12-1977,Camp Nou,La Liga,Real Madrid,Rexach,Barcelona,,
04-12-1977,Camp Nou,La Liga,Real Madrid,Jensen,Real Madrid,,
04-12-1977,Camp Nou,La Liga,Real Madrid,Santillana,Real Madrid,,
04-12-1977,Camp Nou,La Liga,Real Madrid,Stielike,Real Madrid,,
05-04-1978,Santiago Bernabeu Stadium,La Liga,Real Madrid,Jensen,Real Madrid,,
05-04-1978,Santiago Bernabeu Stadium,La Liga,Real Madrid,Jensen,Real Madrid,,
05-04-1978,Santiago Bernabeu Stadium,La Liga,Real Madrid,Juanito,Real Madrid,,
05-04-1978,Santiago Bernabeu Stadium,La Liga,Real Madrid,Santillana,Real Madrid,,
23-09-1978,Santiago Bernabeu Stadium,La Liga,Real Madrid,Neeskens,Barcelona,,
23-09-1978,Santiago Bernabeu Stadium,La Liga,Real Madrid,Santillana,Real Madrid,,
23-09-1978,Santiago Bernabeu Stadium,La Liga,Real Madrid,Santillana,Real Madrid,,
23-09-1978,Santiago Bernabeu Stadium,La Liga,Real Madrid,Jensen,Real Madrid,,
17-02-1979,Camp Nou,La Liga,Barcelona,Krankl,Barcelona,,
17-02-1979,Camp Nou,La Liga,Barcelona,Asensi,Barcelona,,
23-09-1979,Santiago Bernabeu Stadium,La Liga,Real Madrid,Landaburu,Barcelona,,
23-09-1979,Santiago Bernabeu Stadium,La Liga,Real Madrid,Krankl,Barcelona,,
23-09-1979,Santiago Bernabeu Stadium,La Liga,Real Madrid,Santillana,Real Madrid,,
23-09-1979,Santiago Bernabeu Stadium,La Liga,Real Madrid,Juanito,Real Madrid,,
23-09-1979,Santiago Bernabeu Stadium,La Liga,Real Madrid,Cunningham,Real Madrid,,
10-02-1980,Camp Nou,La Liga,Real Madrid,Hernandez,Real Madrid,,
10-02-1980,Camp Nou,La Liga,Real Madrid,Santillana,Real Madrid,,
30-11-1980,Camp Nou,La Liga,Barcelona,Schuster,Barcelona,,
30-11-1980,Camp Nou,La Liga,Barcelona,Quini,Barcelona,,
30-11-1980,Camp Nou,La Liga,Barcelona,Juanito,Real Madrid,,
29-03-1981,Santiago Bernabeu Stadium,La Liga,Real Madrid,Juanito,Real Madrid,,
29-03-1981,Santiago Bernabeu Stadium,La Liga,Real Madrid,Santillana,Real Madrid,,
29-03-1981,Santiago Bernabeu Stadium,La Liga,Real Madrid,Stielike,Real Madrid,,
20-12-1981,Camp Nou,La Liga,Barcelona,Alexanko,Barcelona,,
20-12-1981,Camp Nou,La Liga,Barcelona,Quini,Barcelona,,
20-12-1981,Camp Nou,La Liga,Barcelona,Quini,Barcelona,,
20-12-1981,Camp Nou,La Liga,Barcelona,Juanito,Real Madrid,,
18-04-1982,Santiago Bernabeu Stadium,La Liga,Real Madrid,Quini,Barcelona,,
18-04-1982,Santiago Bernabeu Stadium,La Liga,Real Madrid,Cortes,Real Madrid,,
18-04-1982,Santiago Bernabeu Stadium,La Liga,Real Madrid,Stielike,Real Madrid,,
18-04-1982,Santiago Bernabeu Stadium,La Liga,Real Madrid,Isidro,Real Madrid,,
27-11-1982,Santiago Bernabeu Stadium,La Liga,Barcelona,Vigo,Barcelona,,
27-11-1982,Santiago Bernabeu Stadium,La Liga,Barcelona,Quini,Barcelona,,
26-03-1983,Camp Nou,La Liga,Barcelona,Maradona,Barcelona,,
26-03-1983,Camp Nou,La Liga,Barcelona,Periko Alonso,Barcelona,,
26-03-1983,Camp Nou,La Liga,Barcelona,Juanito,Real Madrid,,
04-06-1983,La Romareda Stadium,Copa Del Rey,Barcelona,Victor,Barcelona,,
04-06-1983,La Romareda Stadium,Copa Del Rey,Barcelona,Marcos,Barcelona,,
04-06-1983,La Romareda Stadium,Copa Del Rey,Barcelona,Santillana,Real Madrid,,
26-06-1983,Santiago Bernabeu Stadium,Copa De La Liga,Draw,Carrasco,Barcelona,,
26-06-1983,Santiago Bernabeu Stadium,Copa De La Liga,Draw,Maradona,Barcelona,,
26-06-1983,Santiago Bernabeu Stadium,Copa De La Liga,Draw,Bosque,Real Madrid,,
26-06-1983,Santiago Bernabeu Stadium,Copa De La Liga,Draw,Juan Gomez,Real Madrid,,
29-06-1983,Camp Nou,Copa De La Liga,Barcelona,Alexanko,Barcelona,,
29-06-1983,Camp Nou,Copa De La Liga,Barcelona,Maradona,Barcelona,,
29-06-1983,Camp Nou,Copa De La Liga,Barcelona,Santillana,Real Madrid,,
22-10-1983,Camp Nou,La Liga,Real Madrid,Quini,Barcelona,,
22-10-1983,Camp Nou,La Liga,Real Madrid,Juanito,Real Madrid,,
22-10-1983,Camp Nou,La Liga,Real Madrid,Santillana,Real Madrid,,
25-02-1984,Santiago Bernabeu Stadium,La Liga,Real Madrid,Maradona,Barcelona,,
25-02-1984,Santiago Bernabeu Stadium,La Liga,Real Madrid,Juanito,Real Madrid,,
25-02-1984,Santiago Bernabeu Stadium,La Liga,Real Madrid,Santillana,Real Madrid,,
02-09-1984,Santiago Bernabeu Stadium,La Liga,Barcelona,Archibald,Barcelona,,
02-09-1984,Santiago Bernabeu Stadium,La Liga,Barcelona,Caldere,Barcelona,,
02-09-1984,Santiago Bernabeu Stadium,La Liga,Barcelona,,Real Madrid,Angel,
30-12-1984,Camp Nou,La Liga,Barcelona,Gerardo,Barcelona,,
30-12-1984,Camp Nou,La Liga,Barcelona,Migueli,Barcelona,,
30-12-1984,Camp Nou,La Liga,Barcelona,Vigo,Barcelona,,
30-12-1984,Camp Nou,La Liga,Barcelona,Sanchis,Real Madrid,,
30-12-1984,Camp Nou,La Liga,Barcelona,Butragueno,Real Madrid,,
11-05-1985,Camp Nou,Copa De La Liga,Draw,Clos,Barcelona,,
11-05-1985,Camp Nou,Copa De La Liga,Draw,Marcos,Barcelona,,
11-05-1985,Camp Nou,Copa De La Liga,Draw,Valdano,Real Madrid,,
11-05-1985,Camp Nou,Copa De La Liga,Draw,Juanito,Real Madrid,,
18-05-1985,Santiago Bernabeu Stadium,Copa De La Liga,Draw,Moratalla,Barcelona,,
18-05-1985,Santiago Bernabeu Stadium,Copa De La Liga,Draw,Valdano,Real Madrid,,
09-11-1985,Camp Nou,La Liga,Barcelona,Marcos,Barcelona,,
09-11-1985,Camp Nou,La Liga,Barcelona,Caldere,Barcelona,,
08-03-1986,Santiago Bernabeu Stadium,La Liga,Real Madrid,Amarilla,Barcelona,,
08-03-1986,Santiago Bernabeu Stadium,La Liga,Real Madrid,Maceda,Real Madrid,,
08-03-1986,Santiago Bernabeu Stadium,La Liga,Real Madrid,Valdano,Real Madrid,,
08-03-1986,Santiago Bernabeu Stadium,La Liga,Real Madrid,Butragueno,Real Madrid,,
11-05-1986,Camp Nou,Copa De La Liga,Draw,Clos,Barcelona,,
11-05-1986,Camp Nou,Copa De La Liga,Draw,Archibald,Barcelona,,
11-05-1986,Camp Nou,Copa De La Liga,Draw,Pardeza,Real Madrid,,
11-05-1986,Camp Nou,Copa De La Liga,Draw,Cholo,Real Madrid,,
18-05-1986,Santiago Bernabeu Stadium,Copa De La Liga,Barcelona,Amarilla,Barcelona,,
18-05-1986,Santiago Bernabeu Stadium,Copa De La Liga,Barcelona,Amarilla,Barcelona,,
18-05-1986,Santiago Bernabeu Stadium,Copa De La Liga,Barcelona,Urbano,Barcelona,,
18-05-1986,Santiago Bernabeu Stadium,Copa De La Liga,Barcelona,Esteban,Barcelona,,
08-10-1986,Santiago Bernabeu Stadium,La Liga,Draw,Pedraza,Barcelona,,
08-10-1986,Santiago Bernabeu Stadium,La Liga,Draw,Hugo Sanchez,Real Madrid,,
31-01-1987,Camp Nou,La Liga,Barcelona,Lineker,Barcelona,,
31-01-1987,Camp Nou,La Liga,Barcelona,Lineker,Barcelona,,
31-01-1987,Camp Nou,La Liga,Barcelona,Lineker,Barcelona,,
31-01-1987,Camp Nou,La Liga,Barcelona,Valdano,Real Madrid,,
31-01-1987,Camp Nou,La Liga,Barcelona,Hugo Sanchez,Real Madrid,,
12-04-1987,Santiago Bernabeu Stadium,La Liga,Draw,No Goals,NA,,
23-05-1987,Camp Nou,La Liga,Barcelona,Lineker,Barcelona,,
23-05-1987,Camp Nou,La Liga,Barcelona,Roberto,Barcelona,,
23-05-1987,Camp Nou,La Liga,Barcelona,Hugo Sanchez,Real Madrid,,
02-01-1988,Santiago Bernabeu Stadium,La Liga,Real Madrid,Schuster,Barcelona,,
02-01-1988,Santiago Bernabeu Stadium,La Liga,Real Madrid,Hugo Sanchez,Real Madrid,,
02-01-1988,Santiago Bernabeu Stadium,La Liga,Real Madrid,Hugo Sanchez,Real Madrid,,
30-04-1988,Camp Nou,La Liga,Barcelona,Carrasco,Barcelona,,
30-04-1988,Camp Nou,La Liga,Barcelona,Lineker,Barcelona,,
21-09-1988,Santiago Bernabeu Stadium,Supercopa,Real Madrid,Michel,Real Madrid,,
21-09-1988,Santiago Bernabeu Stadium,Supercopa,Real Madrid,Hugo Sanchez,Real Madrid,,
29-09-1988,Camp Nou,Supercopa,Barcelona,Bakero,Barcelona,,
29-09-1988,Camp Nou,Supercopa,Barcelona,Bakero,Barcelona,,
29-09-1988,Camp Nou,Supercopa,Barcelona,Butragueno,Real Madrid,,
22-10-1988,Santiago Bernabeu Stadium,La Liga,Real Madrid,Bakero,Barcelona,,
22-10-1988,Santiago Bernabeu Stadium,La Liga,Real Madrid,Carrasco,Barcelona,,
22-10-1988,Santiago Bernabeu Stadium,La Liga,Real Madrid,Hugo Sanchez,Real Madrid,,
22-10-1988,Santiago Bernabeu Stadium,La Liga,Real Madrid,Aldana,Real Madrid,,
22-10-1988,Santiago Bernabeu Stadium,La Liga,Real Madrid,Gordillo,Real Madrid,,
01-04-1989,Camp Nou,La Liga,Draw,No Goals,NA,,
07-10-1989,Camp Nou,La Liga,Barcelona,Salinas,Barcelona,,
07-10-1989,Camp Nou,La Liga,Barcelona,Koeman,Barcelona,,
07-10-1989,Camp Nou,La Liga,Barcelona,Koeman,Barcelona,,
07-10-1989,Camp Nou,La Liga,Barcelona,Hugo Sanchez,Real Madrid,,
15-02-1990,Santiago Bernabeu Stadium,La Liga,Real Madrid,Salinas,Barcelona,,
15-02-1990,Santiago Bernabeu Stadium,La Liga,Real Madrid,Salinas,Barcelona,,
15-02-1990,Santiago Bernabeu Stadium,La Liga,Real Madrid,Michel,Real Madrid,,
15-02-1990,Santiago Bernabeu Stadium,La Liga,Real Madrid,Butragueno,Real Madrid,,
15-02-1990,Santiago Bernabeu Stadium,La Liga,Real Madrid,Hugo Sanchez,Real Madrid,,
04-04-1990,Mestalla Stadium,Copa Del Rey,Barcelona,Amor,Barcelona,,
04-04-1990,Mestalla Stadium,Copa Del Rey,Barcelona,Salinas,Barcelona,,
05-12-1990,Camp Nou,Supercopa,Real Madrid,Michel,Real Madrid,,
12-12-1990,Santiago Bernabeu Stadium,Supercopa,Real Madrid,Goikoetxea,Barcelona,,
12-12-1990,Santiago Bernabeu Stadium,Supercopa,Real Madrid,Butragueno,Real Madrid,,
12-12-1990,Santiago Bernabeu Stadium,Supercopa,Real Madrid,Butragueno,Real Madrid,,
12-12-1990,Santiago Bernabeu Stadium,Supercopa,Real Madrid,Hugo Sanchez,Real Madrid,,
12-12-1990,Santiago Bernabeu Stadium,Supercopa,Real Madrid,Aragon,Real Madrid,,
19-01-1991,Camp Nou,La Liga,Barcelona,Laudrup,Barcelona,,
19-01-1991,Camp Nou,La Liga,Barcelona,Butragueno,Real Madrid,,
19-01-1991,Camp Nou,La Liga,Barcelona,,Real Madrid,Spasic,
08-06-1991,Santiago Bernabeu Stadium,La Liga,Real Madrid,Aldana,Real Madrid,,
19-10-1991,Santiago Bernabeu Stadium,La Liga,Draw,Koeman,Barcelona,,
19-10-1991,Santiago Bernabeu Stadium,La Liga,Draw,Prosinecki,Real Madrid,,
07-03-1992,Camp Nou,La Liga,Draw,Koeman,Barcelona,,
07-03-1992,Camp Nou,La Liga,Draw,Hierro,Real Madrid,,
05-09-1992,Camp Nou,La Liga,Barcelona,Bakero,Barcelona,,
05-09-1992,Camp Nou,La Liga,Barcelona,Stoichkov,Barcelona,,
05-09-1992,Camp Nou,La Liga,Barcelona,Michel,Real Madrid,,
29-01-1993,Santiago Bernabeu Stadium,La Liga,Real Madrid,Amor,Barcelona,,
29-01-1993,Santiago Bernabeu Stadium,La Liga,Real Madrid,Zamorano,Real Madrid,,
29-01-1993,Santiago Bernabeu Stadium,La Liga,Real Madrid,Michel,Real Madrid,,
08-06-1993,Santiago Bernabeu Stadium,Copa Del Rey,Draw,Bakero,Barcelona,,
08-06-1993,Santiago Bernabeu Stadium,Copa Del Rey,Draw,Zamorano,Real Madrid,,
15-06-1993,Camp Nou,Copa Del Rey,Real Madrid,Laudrup,Barcelona,,
15-06-1993,Camp Nou,Copa Del Rey,Real Madrid,Zamorano,Real Madrid,,
15-06-1993,Camp Nou,Copa Del Rey,Real Madrid,Michel,Real Madrid,,
02-12-1993,Santiago Bernabeu Stadium,Supercopa,Real Madrid,Stoichkov,Barcelona,,
02-12-1993,Santiago Bernabeu Stadium,Supercopa,Real Madrid,Alfonso,Real Madrid,,
02-12-1993,Santiago Bernabeu Stadium,Supercopa,Real Madrid,Alfonso,Real Madrid,,
02-12-1993,Santiago Bernabeu Stadium,Supercopa,Real Madrid,Zamorano,Real Madrid,,
16-12-1993,Camp Nou,Supercopa,Draw,Bakero,Barcelona,,
16-12-1993,Camp Nou,Supercopa,Draw,Zamorano,Real Madrid,,
08-01-1994,Camp Nou,La Liga,Barcelona,Romario,Barcelona,,
08-01-1994,Camp Nou,La Liga,Barcelona,Romario,Barcelona,,
08-01-1994,Camp Nou,La Liga,Barcelona,Romario,Barcelona,,
08-01-1994,Camp Nou,La Liga,Barcelona,Koeman,Barcelona,,
08-01-1994,Camp Nou,La Liga,Barcelona,Iglesias,Barcelona,,
06-05-1994,Santiago Bernabeu Stadium,La Liga,Barcelona,Amor,Barcelona,,
06-01-1995,Santiago Bernabeu Stadium,La Liga,Real Madrid,Zamorano,Real Madrid,,
06-01-1995,Santiago Bernabeu Stadium,La Liga,Real Madrid,Zamorano,Real Madrid,,
06-01-1995,Santiago Bernabeu Stadium,La Liga,Real Madrid,Zamorano,Real Madrid,,
06-01-1995,Santiago Bernabeu Stadium,La Liga,Real Madrid,Enrique,Real Madrid,,
06-01-1995,Santiago Bernabeu Stadium,La Liga,Real Madrid,Amavisca,Real Madrid,,
26-05-1995,Camp Nou,La Liga,Barcelona,Nadal,Barcelona,,
30-09-1995,Santiago Bernabeu Stadium,La Liga,Draw,Roger,Barcelona,,
30-09-1995,Santiago Bernabeu Stadium,La Liga,Draw,Raul,Real Madrid,,
09-02-1996,Camp Nou,La Liga,Barcelona,Kodro,Barcelona,,
09-02-1996,Camp Nou,La Liga,Barcelona,Kodro,Barcelona,,
09-02-1996,Camp Nou,La Liga,Barcelona,Figo,Barcelona,,
07-12-1996,Santiago Bernabeu Stadium,La Liga,Real Madrid,Suker,Real Madrid,,
07-12-1996,Santiago Bernabeu Stadium,La Liga,Real Madrid,Mijatovic,Real Madrid,,
29-01-1997,Camp Nou,Copa Del Rey,Barcelona,Ronaldo,Barcelona,,
29-01-1997,Camp Nou,Copa Del Rey,Barcelona,Nadal,Barcelona,,
29-01-1997,Camp Nou,Copa Del Rey,Barcelona,Giovanni,Barcelona,,
29-01-1997,Camp Nou,Copa Del Rey,Barcelona,Suker,Real Madrid,,
29-01-1997,Camp Nou,Copa Del Rey,Barcelona,Hierro,Real Madrid,,
05-02-1997,Santiago Bernabeu Stadium,Copa Del Rey,Draw,Suker,Real Madrid,,
05-02-1997,Santiago Bernabeu Stadium,Copa Del Rey,Draw,,Real Madrid,Roberto,
10-05-1997,Camp Nou,La Liga,Barcelona,Ronaldo,Barcelona,,
20-08-1997,Camp Nou,Supercopa,Barcelona,Nadal,Barcelona,,
20-08-1997,Camp Nou,Supercopa,Barcelona,Giovanni,Barcelona,,
20-08-1997,Camp Nou,Supercopa,Barcelona,Raul,Real Madrid,,
23-08-1997,Santiago Bernabeu Stadium,Supercopa,Real Madrid,Giovanni,Barcelona,,
23-08-1997,Santiago Bernabeu Stadium,Supercopa,Real Madrid,Raul,Real Madrid,,
23-08-1997,Santiago Bernabeu Stadium,Supercopa,Real Madrid,Raul,Real Madrid,,
23-08-1997,Santiago Bernabeu Stadium,Supercopa,Real Madrid,Mijatovic,Real Madrid,,
23-08-1997,Santiago Bernabeu Stadium,Supercopa,Real Madrid,Seedorf,Real Madrid,,
01-11-1997,Santiago Bernabeu Stadium,La Liga,Barcelona,Rivaldo,Barcelona,,
01-11-1997,Santiago Bernabeu Stadium,La Liga,Barcelona,Enrique,Barcelona,,
01-11-1997,Santiago Bernabeu Stadium,La Liga,Barcelona,Giovanni,Barcelona,,
01-11-1997,Santiago Bernabeu Stadium,La Liga,Barcelona,Raul,Real Madrid,,
01-11-1997,Santiago Bernabeu Stadium,La Liga,Barcelona,Suker,Real Madrid,,
07-03-1998,Camp Nou,La Liga,Barcelona,Anderson,Barcelona,,
07-03-1998,Camp Nou,La Liga,Barcelona,Figo,Barcelona,,
07-03-1998,Camp Nou,La Liga,Barcelona,Giovanni,Barcelona,,
19-09-1998,Santiago Bernabeu Stadium,La Liga,Draw,Kluivert,Barcelona,,
19-09-1998,Santiago Bernabeu Stadium,La Liga,Draw,Anderson,Barcelona,,
19-09-1998,Santiago Bernabeu Stadium,La Liga,Draw,Raul,Real Madrid,,
19-09-1998,Santiago Bernabeu Stadium,La Liga,Draw,Raul,Real Madrid,,
14-02-1999,Camp Nou,La Liga,Barcelona,Enrique,Barcelona,,
14-02-1999,Camp Nou,La Liga,Barcelona,Enrique,Barcelona,,
14-02-1999,Camp Nou,La Liga,Barcelona,Rivaldo,Barcelona,,
13-10-1999,Camp Nou,La Liga,Draw,Rivaldo,Barcelona,,
13-10-1999,Camp Nou,La Liga,Draw,Figo,Barcelona,,
13-10-1999,Camp Nou,La Liga,Draw,Raul,Real Madrid,,
13-10-1999,Camp Nou,La Liga,Draw,Raul,Real Madrid,,
26-02-2000,Santiago Bernabeu Stadium,La Liga,Real Madrid,Roberto Carlos,Real Madrid,,
26-02-2000,Santiago Bernabeu Stadium,La Liga,Real Madrid,Anelka,Real Madrid,,
26-02-2000,Santiago Bernabeu Stadium,La Liga,Real Madrid,Morientes,Real Madrid,,
21-10-2000,Camp Nou,La Liga,Barcelona,Enrique,Barcelona,,
21-10-2000,Camp Nou,La Liga,Barcelona,Simao,Barcelona,,
03-03-2001,Santiago Bernabeu Stadium,La Liga,Draw,Rivaldo,Barcelona,,
03-03-2001,Santiago Bernabeu Stadium,La Liga,Draw,Rivaldo,Barcelona,,
03-03-2001,Santiago Bernabeu Stadium,La Liga,Draw,Raul,Real Madrid,,
03-03-2001,Santiago Bernabeu Stadium,La Liga,Draw,Raul,Real Madrid,,
04-11-2001,Santiago Bernabeu Stadium,La Liga,Real Madrid,Morientes,Real Madrid,,
04-11-2001,Santiago Bernabeu Stadium,La Liga,Real Madrid,Figo,Real Madrid,,
16-03-2002,Camp Nou,La Liga,Draw,Xavi,Barcelona,,
16-03-2002,Camp Nou,La Liga,Draw,Zidane,Real Madrid,,
23-04-2002,Camp Nou,UEFA Championship,Real Madrid,Zidane,Real Madrid,,
23-04-2002,Camp Nou,UEFA Championship,Real Madrid,McManaman,Real Madrid,,
01-05-2002,Santiago Bernabeu Stadium,UEFA Championship,Draw,Raul,Real Madrid,,
01-05-2002,Santiago Bernabeu Stadium,UEFA Championship,Draw,,Real Madrid,Helguera,
23-11-2002,Camp Nou,La Liga,Draw,No Goals,NA,,
19-04-2003,Santiago Bernabeu Stadium,La Liga,Draw,Enrique,Barcelona,,
19-04-2003,Santiago Bernabeu Stadium,La Liga,Draw,Ronaldo Nazario,Real Madrid,,
06-12-2003,Camp Nou,La Liga,Real Madrid,Kluivert,Barcelona,,
06-12-2003,Camp Nou,La Liga,Real Madrid,Roberto Carlos,Real Madrid,,
06-12-2003,Camp Nou,La Liga,Real Madrid,Ronaldo Nazario,Real Madrid,,
25-04-2004,Santiago Bernabeu Stadium,La Liga,Barcelona,Kluivert,Barcelona,,
25-04-2004,Santiago Bernabeu Stadium,La Liga,Barcelona,Xavi,Barcelona,,
25-04-2004,Santiago Bernabeu Stadium,La Liga,Barcelona,Solari,Real Madrid,,
20-11-2004,Camp Nou,La Liga,Barcelona,Eto'o,Barcelona,,
20-11-2004,Camp Nou,La Liga,Barcelona,Bronckhorst,Barcelona,,
20-11-2004,Camp Nou,La Liga,Barcelona,Ronaldinho,Barcelona,,
10-04-2005,Santiago Bernabeu Stadium,La Liga,Real Madrid,Eto'o,Barcelona,,
10-04-2005,Santiago Bernabeu Stadium,La Liga,Real Madrid,Ronaldinho,Barcelona,,
10-04-2005,Santiago Bernabeu Stadium,La Liga,Real Madrid,Zidane,Real Madrid,,
10-04-2005,Santiago Bernabeu Stadium,La Liga,Real Madrid,Ronaldo Nazario,Real Madrid,,
10-04-2005,Santiago Bernabeu Stadium,La Liga,Real Madrid,Raul,Real Madrid,,
10-04-2005,Santiago Bernabeu Stadium,La Liga,Real Madrid,Owen,Real Madrid,,
19-11-2005,Santiago Bernabeu Stadium,La Liga,Barcelona,Eto'o,Barcelona,,
19-11-2005,Santiago Bernabeu Stadium,La Liga,Barcelona,Ronaldinho,Barcelona,,
19-11-2005,Santiago Bernabeu Stadium,La Liga,Barcelona,Ronaldinho,Barcelona,,
01-04-2006,Camp Nou,La Liga,Draw,Ronaldinho,Barcelona,,
01-04-2006,Camp Nou,La Liga,Draw,Ronaldo Nazario,Real Madrid,,
22-10-2006,Santiago Bernabeu Stadium,La Liga,Real Madrid,Raul,Real Madrid,,
22-10-2006,Santiago Bernabeu Stadium,La Liga,Real Madrid,Nistelrooy,Real Madrid,,
10-03-2007,Camp Nou,La Liga,Draw,Messi,Barcelona,,
10-03-2007,Camp Nou,La Liga,Draw,Messi,Barcelona,,
10-03-2007,Camp Nou,La Liga,Draw,Messi,Barcelona,,
10-03-2007,Camp Nou,La Liga,Draw,Nistelrooy,Real Madrid,,
10-03-2007,Camp Nou,La Liga,Draw,Nistelrooy,Real Madrid,,
10-03-2007,Camp Nou,La Liga,Draw,Ramos,Real Madrid,,
23-12-2007,Camp Nou,La Liga,Real Madrid,Baptista,Real Madrid,,
07-05-2008,Santiago Bernabeu Stadium,La Liga,Real Madrid,Henry,Barcelona,,
07-05-2008,Santiago Bernabeu Stadium,La Liga,Real Madrid,Raul,Real Madrid,,
07-05-2008,Santiago Bernabeu Stadium,La Liga,Real Madrid,Robben,Real Madrid,,
07-05-2008,Santiago Bernabeu Stadium,La Liga,Real Madrid,Higuain,Real Madrid,,
07-05-2008,Santiago Bernabeu Stadium,La Liga,Real Madrid,Nistelrooy,Real Madrid,,
13-12-2008,Camp Nou,La Liga,Barcelona,Eto'o,Barcelona,,
13-12-2008,Camp Nou,La Liga,Barcelona,Messi,Barcelona,,
02-05-2009,Santiago Bernabeu Stadium,La Liga,Barcelona,Henry,Barcelona,,
02-05-2009,Santiago Bernabeu Stadium,La Liga,Barcelona,Henry,Barcelona,,
02-05-2009,Santiago Bernabeu Stadium,La Liga,Barcelona,Puyol,Barcelona,,
02-05-2009,Santiago Bernabeu Stadium,La Liga,Barcelona,Messi,Barcelona,,
02-05-2009,Santiago Bernabeu Stadium,La Liga,Barcelona,Messi,Barcelona,,
02-05-2009,Santiago Bernabeu Stadium,La Liga,Barcelona,Pique,Barcelona,,
02-05-2009,Santiago Bernabeu Stadium,La Liga,Barcelona,Higuain,Real Madrid,,
02-05-2009,Santiago Bernabeu Stadium,La Liga,Barcelona,Ramos,Real Madrid,,
29-11-2009,Camp Nou,La Liga,Barcelona,Ibrahimovic,Barcelona,,
10-04-2010,Santiago Bernabeu Stadium,La Liga,Barcelona,Messi,Barcelona,,
10-04-2010,Santiago Bernabeu Stadium,La Liga,Barcelona,Pedro,Barcelona,,
29-11-2010,Camp Nou,La Liga,Barcelona,Xavi,Barcelona,,
29-11-2010,Camp Nou,La Liga,Barcelona,Pedro,Barcelona,,
29-11-2010,Camp Nou,La Liga,Barcelona,Villa,Barcelona,,
29-11-2010,Camp Nou,La Liga,Barcelona,Villa,Barcelona,,
29-11-2010,Camp Nou,La Liga,Barcelona,Jeffren,Barcelona,,
16-04-2011,Santiago Bernabeu Stadium,La Liga,Draw,Messi,Barcelona,,
16-04-2011,Santiago Bernabeu Stadium,La Liga,Draw,C.Ronaldo,Real Madrid,,
20-04-2011,Mestalla Stadium,Copa Del Rey,Real Madrid,C.Ronaldo,Real Madrid,,
27-04-2011,Santiago Bernabeu Stadium,UEFA Championship,Barcelona,Messi,Barcelona,,
27-04-2011,Santiago Bernabeu Stadium,UEFA Championship,Barcelona,Messi,Barcelona,,
03-05-2011,Camp Nou,UEFA Championship,Draw,Pedro,Barcelona,,
03-05-2011,Camp Nou,UEFA Championship,Draw,Marcelo,Real Madrid,,
14-08-2011,Santiago Bernabeu Stadium,Supercopa,Draw,Villa,Barcelona,,
14-08-2011,Santiago Bernabeu Stadium,Supercopa,Draw,Messi,Barcelona,,
14-08-2011,Santiago Bernabeu Stadium,Supercopa,Draw,Ozil,Real Madrid,,
14-08-2011,Santiago Bernabeu Stadium,Supercopa,Draw,Xabi Alonso,Real Madrid,,
17-08-2011,Camp Nou,Supercopa,Barcelona,Iniesta,Barcelona,,
17-08-2011,Camp Nou,Supercopa,Barcelona,Messi,Barcelona,,
17-08-2011,Camp Nou,Supercopa,Barcelona,Messi,Barcelona,,
17-08-2011,Camp Nou,Supercopa,Barcelona,C.Ronaldo,Real Madrid,,
17-08-2011,Camp Nou,Supercopa,Barcelona,Benzema,Real Madrid,,
10-12-2011,Santiago Bernabeu Stadium,La Liga,Barcelona,Alexis Sanchez,Barcelona,,
10-12-2011,Santiago Bernabeu Stadium,La Liga,Barcelona,Xavi,Barcelona,,
10-12-2011,Santiago Bernabeu Stadium,La Liga,Barcelona,Fabregas,Barcelona,,
10-12-2011,Santiago Bernabeu Stadium,La Liga,Barcelona,Benzema,Real Madrid,,
18-01-2012,Santiago Bernabeu Stadium,Copa Del Rey,Barcelona,Puyol,Barcelona,,
18-01-2012,Santiago Bernabeu Stadium,Copa Del Rey,Barcelona,Abidal,Barcelona,,
18-01-2012,Santiago Bernabeu Stadium,Copa Del Rey,Barcelona,C.Ronaldo,Real Madrid,,
25-01-2012,Camp Nou,Copa Del Rey,Draw,Pedro,Barcelona,,
25-01-2012,Camp Nou,Copa Del Rey,Draw,Alves,Barcelona,,
25-01-2012,Camp Nou,Copa Del Rey,Draw,C.Ronaldo,Real Madrid,,
25-01-2012,Camp Nou,Copa Del Rey,Draw,Benzema,Real Madrid,,
21-04-2012,Camp Nou,La Liga,Real Madrid,Alexis Sanchez,Barcelona,,
21-04-2012,Camp Nou,La Liga,Real Madrid,Khedira,Real Madrid,,
21-04-2012,Camp Nou,La Liga,Real Madrid,C.Ronaldo,Real Madrid,,
23-08-2012,Camp Nou,Supercopa,Barcelona,Pedro,Barcelona,,
23-08-2012,Camp Nou,Supercopa,Barcelona,Xavi,Barcelona,,
23-08-2012,Camp Nou,Supercopa,Barcelona,Messi,Barcelona,,
23-08-2012,Camp Nou,Supercopa,Barcelona,C.Ronaldo,Real Madrid,,
23-08-2012,Camp Nou,Supercopa,Barcelona,Maria,Real Madrid,,
29-08-2012,Santiago Bernabeu Stadium,Supercopa,Real Madrid,Messi,Barcelona,,
29-08-2012,Santiago Bernabeu Stadium,Supercopa,Real Madrid,Higuain,Real Madrid,,
29-08-2012,Santiago Bernabeu Stadium,Supercopa,Real Madrid,C.Ronaldo,Real Madrid,,
07-10-2012,Camp Nou,La Liga,Draw,Messi,Barcelona,,
07-10-2012,Camp Nou,La Liga,Draw,Messi,Barcelona,,
07-10-2012,Camp Nou,La Liga,Draw,C.Ronaldo,Real Madrid,,
07-10-2012,Camp Nou,La Liga,Draw,C.Ronaldo,Real Madrid,,
30-01-2013,Santiago Bernabeu Stadium,Copa Del Rey,Draw,Fabregas,Barcelona,,
30-01-2013,Santiago Bernabeu Stadium,Copa Del Rey,Draw,Varane,Real Madrid,,
26-02-2013,Camp Nou,Copa Del Rey,Real Madrid,Alba,Barcelona,,
26-02-2013,Camp Nou,Copa Del Rey,Real Madrid,C.Ronaldo,Real Madrid,,
26-02-2013,Camp Nou,Copa Del Rey,Real Madrid,C.Ronaldo,Real Madrid,,
26-02-2013,Camp Nou,Copa Del Rey,Real Madrid,Varane,Real Madrid,,
02-03-2013,Santiago Bernabeu Stadium,La Liga,Real Madrid,Messi,Barcelona,,
02-03-2013,Santiago Bernabeu Stadium,La Liga,Real Madrid,Benzema,Real Madrid,,
02-03-2013,Santiago Bernabeu Stadium,La Liga,Real Madrid,Ramos,Real Madrid,,
26-10-2013,Camp Nou,La Liga,Barcelona,Neymar,Barcelona,,
26-10-2013,Camp Nou,La Liga,Barcelona,Alexis Sanchez,Barcelona,,
26-10-2013,Camp Nou,La Liga,Barcelona,Jese,Real Madrid,,
23-03-2014,Santiago Bernabeu Stadium,La Liga,Barcelona,Iniesta,Barcelona,,
23-03-2014,Santiago Bernabeu Stadium,La Liga,Barcelona,Messi,Barcelona,,
23-03-2014,Santiago Bernabeu Stadium,La Liga,Barcelona,Messi,Barcelona,,
23-03-2014,Santiago Bernabeu Stadium,La Liga,Barcelona,Messi,Barcelona,,
23-03-2014,Santiago Bernabeu Stadium,La Liga,Barcelona,Benzema,Real Madrid,,
23-03-2014,Santiago Bernabeu Stadium,La Liga,Barcelona,Benzema,Real Madrid,,
23-03-2014,Santiago Bernabeu Stadium,La Liga,Barcelona,C.Ronaldo,Real Madrid,,
16-04-2014,Mestalla Stadium,Copa Del Rey,Real Madrid,Bartra,Barcelona,,
16-04-2014,Mestalla Stadium,Copa Del Rey,Real Madrid,di Maria,Real Madrid,,
16-04-2014,Mestalla Stadium,Copa Del Rey,Real Madrid,Bale,Real Madrid,,
25-10-2014,Santiago Bernabeu Stadium,La Liga,Real Madrid,Neymar,Barcelona,,
25-10-2014,Santiago Bernabeu Stadium,La Liga,Real Madrid,C.Ronaldo,Real Madrid,,
25-10-2014,Santiago Bernabeu Stadium,La Liga,Real Madrid,Pepe,Real Madrid,,
25-10-2014,Santiago Bernabeu Stadium,La Liga,Real Madrid,Benzema,Real Madrid,,
22-03-2015,Camp Nou,La Liga,Barcelona,Mathieu,Barcelona,,
22-03-2015,Camp Nou,La Liga,Barcelona,L.A.Suarez,Barcelona,,
22-03-2015,Camp Nou,La Liga,Barcelona,C.Ronaldo,Real Madrid,,
21-11-2015,Santiago Bernabeu Stadium,La Liga,Barcelona,L.A.Suarez,Barcelona,,
21-11-2015,Santiago Bernabeu Stadium,La Liga,Barcelona,L.A.Suarez,Barcelona,,
21-11-2015,Santiago Bernabeu Stadium,La Liga,Barcelona,Neymar,Barcelona,,
21-11-2015,Santiago Bernabeu Stadium,La Liga,Barcelona,Iniesta,Barcelona,,
02-04-2016,Camp Nou,La Liga,Real Madrid,Pique,Barcelona,,
02-04-2016,Camp Nou,La Liga,Real Madrid,Benzema,Real Madrid,,
02-04-2016,Camp Nou,La Liga,Real Madrid,C.Ronaldo,Real Madrid,,
03-12-2016,Camp Nou,La Liga,Draw,L.A.Suarez,Barcelona,,
03-12-2016,Camp Nou,La Liga,Draw,Ramos,Real Madrid,,
23-04-2017,Santiago Bernabeu Stadium,La Liga,Barcelona,Messi,Barcelona,,
23-04-2017,Santiago Bernabeu Stadium,La Liga,Barcelona,Messi,Barcelona,,
23-04-2017,Santiago Bernabeu Stadium,La Liga,Barcelona,Rakitic,Barcelona,,
23-04-2017,Santiago Bernabeu Stadium,La Liga,Barcelona,Casemiro,Real Madrid,,
23-04-2017,Santiago Bernabeu Stadium,La Liga,Barcelona,Rodriguez,Real Madrid,,
13-08-2017,Camp Nou,Supercopa,Real Madrid,Messi,Barcelona,,
13-08-2017,Camp Nou,Supercopa,Real Madrid,C.Ronaldo,Real Madrid,,
13-08-2017,Camp Nou,Supercopa,Real Madrid,Asensio,Real Madrid,,
13-08-2017,Camp Nou,Supercopa,Real Madrid,,Barcelona,,Pique
16-08-2017,Santiago Bernabeu Stadium,Supercopa,Real Madrid,Asensio,Real Madrid,,
16-08-2017,Santiago Bernabeu Stadium,Supercopa,Real Madrid,Benzema,Real Madrid,,
23-12-2017,Santiago Bernabeu Stadium,La Liga,Barcelona,L.A.Suarez,Barcelona,,
23-12-2017,Santiago Bernabeu Stadium,La Liga,Barcelona,Messi,Barcelona,,
23-12-2017,Santiago Bernabeu Stadium,La Liga,Barcelona,Vidal,Barcelona,,
06-05-2018,Camp Nou,La Liga,Draw,L.A.Suarez,Barcelona,,
06-05-2018,Camp Nou,La Liga,Draw,Messi,Barcelona,,
06-05-2018,Camp Nou,La Liga,Draw,C.Ronaldo,Real Madrid,,
06-05-2018,Camp Nou,La Liga,Draw,Bale,Real Madrid,,
28-10-2018,Camp Nou,La Liga,Barcelona,Coutinho,Barcelona,,
28-10-2018,Camp Nou,La Liga,Barcelona,L.A.Suarez,Barcelona,,
28-10-2018,Camp Nou,La Liga,Barcelona,L.A.Suarez,Barcelona,,
28-10-2018,Camp Nou,La Liga,Barcelona,L.A.Suarez,Barcelona,,
28-10-2018,Camp Nou,La Liga,Barcelona,Vidal,Barcelona,,
28-10-2018,Camp Nou,La Liga,Barcelona,Marcelo,Real Madrid,,
06-02-2019,Camp Nou,Copa Del Rey,Draw,Malcom,Barcelona,,
06-02-2019,Camp Nou,Copa Del Rey,Draw,Vazquez,Real Madrid,,
27-02-2019,Santiago Bernabeu Stadium,Copa Del Rey,Barcelona,L.A.Suarez,Barcelona,,
27-02-2019,Santiago Bernabeu Stadium,Copa Del Rey,Barcelona,L.A.Suarez,Barcelona,,
27-02-2019,Santiago Bernabeu Stadium,Copa Del Rey,Barcelona,,Real Madrid,Varane,
02-03-2019,Santiago Bernabeu Stadium,La Liga,Barcelona,Rakitic,Barcelona,,
18-12-2019,Camp Nou,La Liga,Draw,No Goals,NA,,
01-03-2020,Santiago Bernabeu Stadium,La Liga,Real Madrid,Vinicius,Real Madrid,,
01-03-2020,Santiago Bernabeu Stadium,La Liga,Real Madrid,Diaz,Real Madrid,,
24-10-2020,Camp Nou,La Liga,Real Madrid,Fati,Barcelona,,
24-10-2020,Camp Nou,La Liga,Real Madrid,Valverde,Real Madrid,,
24-10-2020,Camp Nou,La Liga,Real Madrid,Ramos,Real Madrid,,
24-10-2020,Camp Nou,La Liga,Real Madrid,Modric,Real Madrid,,
10-04-2021,Santiago Bernabeu Stadium,La Liga,Real Madrid,Mingueza,Barcelona,,
10-04-2021,Santiago Bernabeu Stadium,La Liga,Real Madrid,Benzema,Real Madrid,,
10-04-2021,Santiago Bernabeu Stadium,La Liga,Real Madrid,Kroos,Real Madrid,,
24-10-2021,Camp Nou,La Liga,Real Madrid,Aguero,Barcelona,,
24-10-2021,Camp Nou,La Liga,Real Madrid,Alaba,Real Madrid,,
24-10-2021,Camp Nou,La Liga,Real Madrid,Vazquez,Real Madrid,,
12-01-2022,King Fahd Stadium,Supercopa,Real Madrid,Jong,Barcelona,,
12-01-2022,King Fahd Stadium,Supercopa,Real Madrid,Fati,Barcelona,,
12-01-2022,King Fahd Stadium,Supercopa,Real Madrid,Vinicius,Real Madrid,,
12-01-2022,King Fahd Stadium,Supercopa,Real Madrid,Benzema,Real Madrid,,
12-01-2022,King Fahd Stadium,Supercopa,Real Madrid,Valverde,Real Madrid,,
20-03-2022,Santiago Bernabeu Stadium,La Liga,Barcelona,Aubameyang,Barcelona,,
20-03-2022,Santiago Bernabeu Stadium,La Liga,Barcelona,Aubameyang,Barcelona,,
20-03-2022,Santiago Bernabeu Stadium,La Liga,Barcelona,Araujo,Barcelona,,
20-03-2022,Santiago Bernabeu Stadium,La Liga,Barcelona,Torres,Barcelona,,
16-10-2022,Santiago Bernabeu Stadium,La Liga,Real Madrid,Torres,Barcelona,,
16-10-2022,Santiago Bernabeu Stadium,La Liga,Real Madrid,Benzema,Real Madrid,,
16-10-2022,Santiago Bernabeu Stadium,La Liga,Real Madrid,Valverde,Real Madrid,,
16-10-2022,Santiago Bernabeu Stadium,La Liga,Real Madrid,Rodrygo,Real Madrid,,
15-01-2023,King Fahd Stadium,Supercopa,Barcelona,Gavi,Barcelona,,
15-01-2023,King Fahd Stadium,Supercopa,Barcelona,Lewandowski,Barcelona,,
15-01-2023,King Fahd Stadium,Supercopa,Barcelona,Pedri,Barcelona,,
15-01-2023,King Fahd Stadium,Supercopa,Barcelona,Benzema,Real Madrid,,
02-03-2023,Santiago Bernabeu Stadium,Copa Del Rey,Barcelona,,Real Madrid,Militao,
19-03-2023,Camp Nou,La Liga,Barcelona,Roberto,Barcelona,,
19-03-2023,Camp Nou,La Liga,Barcelona,Kessie,Barcelona,,
19-03-2023,Camp Nou,La Liga,Barcelona,,Barcelona,,Araujo
05-04-2023,Camp Nou,Copa Del Rey,Real Madrid,Vinicius,Real Madrid,,
05-04-2023,Camp Nou,Copa Del Rey,Real Madrid,Benzema,Real Madrid,,
05-04-2023,Camp Nou,Copa Del Rey,Real Madrid,Benzema,Real Madrid,,
05-04-2023,Camp Nou,Copa Del Rey,Real Madrid,Benzema,Real Madrid,,
28-10-2023,Camp Nou,La Liga,Real Madrid,Gundogan,Barcelona,,
28-10-2023,Camp Nou,La Liga,Real Madrid,Bellingham,Real Madrid,,
28-10-2023,Camp Nou,La Liga,Real Madrid,Bellingham,Real Madrid,,
14-01-2024,Al -Awwal Park,Supercopa,Real Madrid,Lewandowski,Barcelona,,
14-01-2024,Al -Awwal Park,Supercopa,Real Madrid,Vinicius,Real Madrid,,
14-01-2024,Al -Awwal Park,Supercopa,Real Madrid,Vinicius,Real Madrid,,
14-01-2024,Al -Awwal Park,Supercopa,Real Madrid,Vinicius,Real Madrid,,
14-01-2024,Al -Awwal Park,Supercopa,Real Madrid,Rodrygo,Real Madrid,,
21-04-2024,Santiago Bernabeu Stadium,La Liga,Real Madrid,Christensen,Barcelona,,
21-04-2024,Santiago Bernabeu Stadium,La Liga,Real Madrid,Fermin Lopez,Barcelona,,
21-04-2024,Santiago Bernabeu Stadium,La Liga,Real Madrid,Vinicius,Real Madrid,,
21-04-2024,Santiago Bernabeu Stadium,La Liga,Real Madrid,Vazquez,Real Madrid,,
21-04-2024,Santiago Bernabeu Stadium,La Liga,Real Madrid,Bellingham,Real Madrid,,
26-10-2024,Santiago Bernabeu Stadium,La Liga,Barcelona,Lewandowski,Barcelona,,
26-10-2024,Santiago Bernabeu Stadium,La Liga,Barcelona,Lewandowski,Barcelona,,
26-10-2024,Santiago Bernabeu Stadium,La Liga,Barcelona,Yamal,Barcelona,,
26-10-2024,Santiago Bernabeu Stadium,La Liga,Barcelona,Raphinha,Barcelona,,
12-01-2025,King Abdullah Sport City,Supercopa,Barcelona,Yamal,Barcelona,,
12-01-2025,King Abdullah Sport City,Supercopa,Barcelona,Raphinha,Barcelona,,
12-01-2025,King Abdullah Sport City,Supercopa,Barcelona,Raphinha,Barcelona,,
12-01-2025,King Abdullah Sport City,Supercopa,Barcelona,Balde,Barcelona,,
12-01-2025,King Abdullah Sport City,Supercopa,Barcelona,Lewandowski,Barcelona,,
12-01-2025,King Abdullah Sport City,Supercopa,Barcelona,Mbappe,Real Madrid,,
12-01-2025,King Abdullah Sport City,Supercopa,Barcelona,Rodrygo,Real Madrid,,
